type,source_url,slug,title,meta_title,meta_description,keywords,topics,hero_image_url,image_alt,content_html,internal_links,external_links
Article (Rewritten),https://ptxtrimble.com/en/blog/the-journey-to-autonomy-in-agriculture,the-journey-to-autonomy-in-agriculture,The Journey To Autonomy In Agriculture,The Journey To Autonomy In Agriculture | Local Insights & How-To | [Dealer Name],"Actionable, dealer-written take on the journey to autonomy in agriculture—with steps, KPIs, and links to Precision Planting resources.","the, journey, to, autonomy, in, agriculture, precision agriculture, farm technology, ptx trimble",Autonomy & AI,"https://source.unsplash.com/1600x900/?the+journey+autonomy+agriculture,farm",The Journey To Autonomy In Agriculture — agriculture scene,"<!-- rewritten from https://ptxtrimble.com/en/blog/the-journey-to-autonomy-in-agriculture -->
<section class=""intro"">
  <p class=""eyebrow"">Autonomy & AI</p>
  <h1>The Journey To Autonomy In Agriculture — Dealer Insights</h1>
  <p>The Journey To Autonomy In Agriculture: practical insights and step-by-step actions for growers, with a local dealer perspective.</p>
</section>

<section id=""key-points"">
  <h2>Key Takeaways</h2>
  <ul>
    <li>Why it matters: clear benefits to uptime, accuracy, and profitability.</li>
    <li>What to watch: common mistakes we fix during audits.</li>
    <li>How to implement: practical steps with measurable KPIs.</li>
  </ul>
</section>

<section id=""implementation"">
  <h2>Implementation Playbook</h2>
  <ol><li>On‑farm assessment of equipment, software, and data flows</li><li>Targeted upgrades or calibrations that move the KPI needle</li><li>Display and cloud setup with role‑based workflows</li><li>Field validation pass and tweaks under real conditions</li><li>Season review and continuous improvement plan</li></ol>
</section>

<section id=""local-perspective"">
  <h2>Local Perspective</h2>
  <p>Conditions vary by soil, residue, and weather. We tailor settings and workflows for your fields, your implements, and your team—so the tech does the work, not you.</p>
</section>

<section id=""links"">
  <h2>Helpful Links</h2>
  <h3>Internal</h3>
  <ul><li><a href='/contact'>/contact</a></li><li><a href='/services/precision-ag'>/services/precision-ag</a></li><li><a href='/resources/planter-maintenance-guide'>/resources/planter-maintenance-guide</a></li></ul>
  <h3>External (Precision Planting)</h3>
  <ul><li><a href='https://www.precisionplanting.com/resources' rel='noopener nofollow'>https://www.precisionplanting.com/resources</a></li><li><a href='https://www.precisionplanting.com/products' rel='noopener nofollow'>https://www.precisionplanting.com/products</a></li></ul>
</section>

<section id=""faq"">
  <h2>FAQ</h2>
  <div class='faq'><h3>Will this work on mixed equipment?</h3><p>Yes. We support multi-brand displays and ISOBUS so your existing fleet can be integrated.</p></div><div class='faq'><h3>How soon can I see ROI?</h3><p>Most farms see measurable gains within a season once guidance, application, and data workflows are aligned.</p></div><div class='faq'><h3>Do you offer in-field setup?</h3><p>Yes. We provide audit, install, calibration, and a follow‑up validation pass in season.</p></div>
</section>

<script type=""application/ld+json"">
{
  ""@context"": ""https://schema.org"",
  ""@type"": ""Article"",
  ""headline"": ""The Journey To Autonomy In Agriculture"",
  ""about"": [
    ""Autonomy & AI""
  ],
  ""isBasedOn"": ""https://ptxtrimble.com/en/blog/the-journey-to-autonomy-in-agriculture"",
  ""datePublished"": ""2025-08-19"",
  ""author"": {
    ""@type"": ""Organization"",
    ""name"": ""[Dealer Name]""
  },
  ""publisher"": {
    ""@type"": ""Organization"",
    ""name"": ""[Dealer Name]""
  },
  ""mainEntityOfPage"": ""/resources/the-journey-to-autonomy-in-agriculture.html"",
  ""keywords"": ""Autonomy & AI""
}
</script>
",/contact;/services/precision-ag;/resources/planter-maintenance-guide,https://www.precisionplanting.com/resources;https://www.precisionplanting.com/products
Article (Rewritten),https://ptxtrimble.com/en/blog/new-era-for-ptx-trimble,new-era-for-ptx-trimble,New Era For Ptx Trimble,New Era For Ptx Trimble | Local Insights & How-To | [Dealer Name],"Actionable, dealer-written take on new era for ptx trimble—with steps, KPIs, and links to Precision Planting resources.","new, era, for, ptx, trimble, precision agriculture, farm technology, ptx trimble",Precision Ag Strategy,"https://source.unsplash.com/1600x900/?new+era+for+ptx+trimble,farm",New Era For Ptx Trimble — agriculture scene,"<!-- rewritten from https://ptxtrimble.com/en/blog/new-era-for-ptx-trimble -->
<section class=""intro"">
  <p class=""eyebrow"">Precision Ag Strategy</p>
  <h1>New Era For Ptx Trimble — Dealer Insights</h1>
  <p>New Era For Ptx Trimble: practical insights and step-by-step actions for growers, with a local dealer perspective.</p>
</section>

<section id=""key-points"">
  <h2>Key Takeaways</h2>
  <ul>
    <li>Why it matters: clear benefits to uptime, accuracy, and profitability.</li>
    <li>What to watch: common mistakes we fix during audits.</li>
    <li>How to implement: practical steps with measurable KPIs.</li>
  </ul>
</section>

<section id=""implementation"">
  <h2>Implementation Playbook</h2>
  <ol><li>On‑farm assessment of equipment, software, and data flows</li><li>Targeted upgrades or calibrations that move the KPI needle</li><li>Display and cloud setup with role‑based workflows</li><li>Field validation pass and tweaks under real conditions</li><li>Season review and continuous improvement plan</li></ol>
</section>

<section id=""local-perspective"">
  <h2>Local Perspective</h2>
  <p>Conditions vary by soil, residue, and weather. We tailor settings and workflows for your fields, your implements, and your team—so the tech does the work, not you.</p>
</section>

<section id=""links"">
  <h2>Helpful Links</h2>
  <h3>Internal</h3>
  <ul><li><a href='/contact'>/contact</a></li><li><a href='/services/precision-ag'>/services/precision-ag</a></li><li><a href='/resources/planter-maintenance-guide'>/resources/planter-maintenance-guide</a></li></ul>
  <h3>External (Precision Planting)</h3>
  <ul><li><a href='https://www.precisionplanting.com/resources' rel='noopener nofollow'>https://www.precisionplanting.com/resources</a></li><li><a href='https://www.precisionplanting.com/products' rel='noopener nofollow'>https://www.precisionplanting.com/products</a></li></ul>
</section>

<section id=""faq"">
  <h2>FAQ</h2>
  <div class='faq'><h3>Will this work on mixed equipment?</h3><p>Yes. We support multi-brand displays and ISOBUS so your existing fleet can be integrated.</p></div><div class='faq'><h3>How soon can I see ROI?</h3><p>Most farms see measurable gains within a season once guidance, application, and data workflows are aligned.</p></div><div class='faq'><h3>Do you offer in-field setup?</h3><p>Yes. We provide audit, install, calibration, and a follow‑up validation pass in season.</p></div>
</section>

<script type=""application/ld+json"">
{
  ""@context"": ""https://schema.org"",
  ""@type"": ""Article"",
  ""headline"": ""New Era For Ptx Trimble"",
  ""about"": [
    ""Precision Ag Strategy""
  ],
  ""isBasedOn"": ""https://ptxtrimble.com/en/blog/new-era-for-ptx-trimble"",
  ""datePublished"": ""2025-08-19"",
  ""author"": {
    ""@type"": ""Organization"",
    ""name"": ""[Dealer Name]""
  },
  ""publisher"": {
    ""@type"": ""Organization"",
    ""name"": ""[Dealer Name]""
  },
  ""mainEntityOfPage"": ""/resources/new-era-for-ptx-trimble.html"",
  ""keywords"": ""Precision Ag Strategy""
}
</script>
",/contact;/services/precision-ag;/resources/planter-maintenance-guide,https://www.precisionplanting.com/resources;https://www.precisionplanting.com/products
Article (Rewritten),https://ptxtrimble.com/en/blog/maximize-uptime-with-correction-services,maximize-uptime-with-correction-services,Maximize Uptime With Correction Services,Maximize Uptime With Correction Services | Local Insights & How-To | [Dealer Name],"Actionable, dealer-written take on maximize uptime with correction services—with steps, KPIs, and links to Precision Planting resources.","maximize, uptime, with, correction, services, precision agriculture, farm technology, ptx trimble",Precision Ag Strategy,"https://source.unsplash.com/1600x900/?maximize+uptime+with+correction+services,farm",Maximize Uptime With Correction Services — agriculture scene,"<!-- rewritten from https://ptxtrimble.com/en/blog/maximize-uptime-with-correction-services -->
<section class=""intro"">
  <p class=""eyebrow"">Precision Ag Strategy</p>
  <h1>Maximize Uptime With Correction Services — Dealer Insights</h1>
  <p>Maximize Uptime With Correction Services: practical insights and step-by-step actions for growers, with a local dealer perspective.</p>
</section>

<section id=""key-points"">
  <h2>Key Takeaways</h2>
  <ul>
    <li>Why it matters: clear benefits to uptime, accuracy, and profitability.</li>
    <li>What to watch: common mistakes we fix during audits.</li>
    <li>How to implement: practical steps with measurable KPIs.</li>
  </ul>
</section>

<section id=""implementation"">
  <h2>Implementation Playbook</h2>
  <ol><li>On‑farm assessment of equipment, software, and data flows</li><li>Targeted upgrades or calibrations that move the KPI needle</li><li>Display and cloud setup with role‑based workflows</li><li>Field validation pass and tweaks under real conditions</li><li>Season review and continuous improvement plan</li></ol>
</section>

<section id=""local-perspective"">
  <h2>Local Perspective</h2>
  <p>Conditions vary by soil, residue, and weather. We tailor settings and workflows for your fields, your implements, and your team—so the tech does the work, not you.</p>
</section>

<section id=""links"">
  <h2>Helpful Links</h2>
  <h3>Internal</h3>
  <ul><li><a href='/contact'>/contact</a></li><li><a href='/services/precision-ag'>/services/precision-ag</a></li><li><a href='/resources/planter-maintenance-guide'>/resources/planter-maintenance-guide</a></li></ul>
  <h3>External (Precision Planting)</h3>
  <ul><li><a href='https://www.precisionplanting.com/resources' rel='noopener nofollow'>https://www.precisionplanting.com/resources</a></li><li><a href='https://www.precisionplanting.com/products' rel='noopener nofollow'>https://www.precisionplanting.com/products</a></li></ul>
</section>

<section id=""faq"">
  <h2>FAQ</h2>
  <div class='faq'><h3>Will this work on mixed equipment?</h3><p>Yes. We support multi-brand displays and ISOBUS so your existing fleet can be integrated.</p></div><div class='faq'><h3>How soon can I see ROI?</h3><p>Most farms see measurable gains within a season once guidance, application, and data workflows are aligned.</p></div><div class='faq'><h3>Do you offer in-field setup?</h3><p>Yes. We provide audit, install, calibration, and a follow‑up validation pass in season.</p></div>
</section>

<script type=""application/ld+json"">
{
  ""@context"": ""https://schema.org"",
  ""@type"": ""Article"",
  ""headline"": ""Maximize Uptime With Correction Services"",
  ""about"": [
    ""Precision Ag Strategy""
  ],
  ""isBasedOn"": ""https://ptxtrimble.com/en/blog/maximize-uptime-with-correction-services"",
  ""datePublished"": ""2025-08-19"",
  ""author"": {
    ""@type"": ""Organization"",
    ""name"": ""[Dealer Name]""
  },
  ""publisher"": {
    ""@type"": ""Organization"",
    ""name"": ""[Dealer Name]""
  },
  ""mainEntityOfPage"": ""/resources/maximize-uptime-with-correction-services.html"",
  ""keywords"": ""Precision Ag Strategy""
}
</script>
",/contact;/services/precision-ag;/resources/planter-maintenance-guide,https://www.precisionplanting.com/resources;https://www.precisionplanting.com/products
Article (Rewritten),https://ptxtrimble.com/en/blog/mitigate-scintillation-related-downtime-ionoguard-rtk,mitigate-scintillation-related-downtime-ionoguard-rtk,Mitigate Scintillation Related Downtime Ionoguard RTK,Mitigate Scintillation Related Downtime Ionoguard RTK | Local Insights & How-To | [Dealer Name],"Actionable, dealer-written take on mitigate scintillation related downtime ionoguard rtk—with steps, KPIs, and links to Precision Planting resources.","mitigate, scintillation, related, downtime, ionoguard, rtk, precision agriculture, farm technology, ptx trimble",Precision Ag Strategy,"https://source.unsplash.com/1600x900/?mitigate+scintillation+related+downtime+ionoguard,farm",Mitigate Scintillation Related Downtime Ionoguard RTK — agriculture scene,"<!-- rewritten from https://ptxtrimble.com/en/blog/mitigate-scintillation-related-downtime-ionoguard-rtk -->
<section class=""intro"">
  <p class=""eyebrow"">Precision Ag Strategy</p>
  <h1>Mitigate Scintillation Related Downtime Ionoguard RTK — Dealer Insights</h1>
  <p>Mitigate Scintillation Related Downtime Ionoguard RTK: practical insights and step-by-step actions for growers, with a local dealer perspective.</p>
</section>

<section id=""key-points"">
  <h2>Key Takeaways</h2>
  <ul>
    <li>Why it matters: clear benefits to uptime, accuracy, and profitability.</li>
    <li>What to watch: common mistakes we fix during audits.</li>
    <li>How to implement: practical steps with measurable KPIs.</li>
  </ul>
</section>

<section id=""implementation"">
  <h2>Implementation Playbook</h2>
  <ol><li>On‑farm assessment of equipment, software, and data flows</li><li>Targeted upgrades or calibrations that move the KPI needle</li><li>Display and cloud setup with role‑based workflows</li><li>Field validation pass and tweaks under real conditions</li><li>Season review and continuous improvement plan</li></ol>
</section>

<section id=""local-perspective"">
  <h2>Local Perspective</h2>
  <p>Conditions vary by soil, residue, and weather. We tailor settings and workflows for your fields, your implements, and your team—so the tech does the work, not you.</p>
</section>

<section id=""links"">
  <h2>Helpful Links</h2>
  <h3>Internal</h3>
  <ul><li><a href='/contact'>/contact</a></li><li><a href='/services/precision-ag'>/services/precision-ag</a></li><li><a href='/resources/planter-maintenance-guide'>/resources/planter-maintenance-guide</a></li></ul>
  <h3>External (Precision Planting)</h3>
  <ul><li><a href='https://www.precisionplanting.com/resources' rel='noopener nofollow'>https://www.precisionplanting.com/resources</a></li><li><a href='https://www.precisionplanting.com/products' rel='noopener nofollow'>https://www.precisionplanting.com/products</a></li></ul>
</section>

<section id=""faq"">
  <h2>FAQ</h2>
  <div class='faq'><h3>Will this work on mixed equipment?</h3><p>Yes. We support multi-brand displays and ISOBUS so your existing fleet can be integrated.</p></div><div class='faq'><h3>How soon can I see ROI?</h3><p>Most farms see measurable gains within a season once guidance, application, and data workflows are aligned.</p></div><div class='faq'><h3>Do you offer in-field setup?</h3><p>Yes. We provide audit, install, calibration, and a follow‑up validation pass in season.</p></div>
</section>

<script type=""application/ld+json"">
{
  ""@context"": ""https://schema.org"",
  ""@type"": ""Article"",
  ""headline"": ""Mitigate Scintillation Related Downtime Ionoguard RTK"",
  ""about"": [
    ""Precision Ag Strategy""
  ],
  ""isBasedOn"": ""https://ptxtrimble.com/en/blog/mitigate-scintillation-related-downtime-ionoguard-rtk"",
  ""datePublished"": ""2025-08-19"",
  ""author"": {
    ""@type"": ""Organization"",
    ""name"": ""[Dealer Name]""
  },
  ""publisher"": {
    ""@type"": ""Organization"",
    ""name"": ""[Dealer Name]""
  },
  ""mainEntityOfPage"": ""/resources/mitigate-scintillation-related-downtime-ionoguard-rtk.html"",
  ""keywords"": ""Precision Ag Strategy""
}
</script>
",/contact;/services/precision-ag;/resources/planter-maintenance-guide,https://www.precisionplanting.com/resources;https://www.precisionplanting.com/products
Article (Rewritten),https://ptxtrimble.com/en/blog/optimizing-water-distribution-on-your-farm,optimizing-water-distribution-on-your-farm,Optimizing Water Distribution On Your Farm,Optimizing Water Distribution On Your Farm | Local Insights & How-To | [Dealer Name],"Actionable, dealer-written take on optimizing water distribution on your farm—with steps, KPIs, and links to Precision Planting resources.","optimizing, water, distribution, on, your, farm, precision agriculture, farm technology, ptx trimble",Water Management,"https://source.unsplash.com/1600x900/?optimizing+water+distribution+your+farm,farm",Optimizing Water Distribution On Your Farm — agriculture scene,"<!-- rewritten from https://ptxtrimble.com/en/blog/optimizing-water-distribution-on-your-farm -->
<section class=""intro"">
  <p class=""eyebrow"">Water Management</p>
  <h1>Optimizing Water Distribution On Your Farm — Dealer Insights</h1>
  <p>Optimizing Water Distribution On Your Farm: practical insights and step-by-step actions for growers, with a local dealer perspective.</p>
</section>

<section id=""key-points"">
  <h2>Key Takeaways</h2>
  <ul>
    <li>Why it matters: clear benefits to uptime, accuracy, and profitability.</li>
    <li>What to watch: common mistakes we fix during audits.</li>
    <li>How to implement: practical steps with measurable KPIs.</li>
  </ul>
</section>

<section id=""implementation"">
  <h2>Implementation Playbook</h2>
  <ol><li>On‑farm assessment of equipment, software, and data flows</li><li>Targeted upgrades or calibrations that move the KPI needle</li><li>Display and cloud setup with role‑based workflows</li><li>Field validation pass and tweaks under real conditions</li><li>Season review and continuous improvement plan</li></ol>
</section>

<section id=""local-perspective"">
  <h2>Local Perspective</h2>
  <p>Conditions vary by soil, residue, and weather. We tailor settings and workflows for your fields, your implements, and your team—so the tech does the work, not you.</p>
</section>

<section id=""links"">
  <h2>Helpful Links</h2>
  <h3>Internal</h3>
  <ul><li><a href='/contact'>/contact</a></li><li><a href='/services/precision-ag'>/services/precision-ag</a></li><li><a href='/resources/planter-maintenance-guide'>/resources/planter-maintenance-guide</a></li></ul>
  <h3>External (Precision Planting)</h3>
  <ul><li><a href='https://www.precisionplanting.com/resources' rel='noopener nofollow'>https://www.precisionplanting.com/resources</a></li><li><a href='https://www.precisionplanting.com/products' rel='noopener nofollow'>https://www.precisionplanting.com/products</a></li></ul>
</section>

<section id=""faq"">
  <h2>FAQ</h2>
  <div class='faq'><h3>Will this work on mixed equipment?</h3><p>Yes. We support multi-brand displays and ISOBUS so your existing fleet can be integrated.</p></div><div class='faq'><h3>How soon can I see ROI?</h3><p>Most farms see measurable gains within a season once guidance, application, and data workflows are aligned.</p></div><div class='faq'><h3>Do you offer in-field setup?</h3><p>Yes. We provide audit, install, calibration, and a follow‑up validation pass in season.</p></div>
</section>

<script type=""application/ld+json"">
{
  ""@context"": ""https://schema.org"",
  ""@type"": ""Article"",
  ""headline"": ""Optimizing Water Distribution On Your Farm"",
  ""about"": [
    ""Water Management""
  ],
  ""isBasedOn"": ""https://ptxtrimble.com/en/blog/optimizing-water-distribution-on-your-farm"",
  ""datePublished"": ""2025-08-19"",
  ""author"": {
    ""@type"": ""Organization"",
    ""name"": ""[Dealer Name]""
  },
  ""publisher"": {
    ""@type"": ""Organization"",
    ""name"": ""[Dealer Name]""
  },
  ""mainEntityOfPage"": ""/resources/optimizing-water-distribution-on-your-farm.html"",
  ""keywords"": ""Water Management""
}
</script>
",/contact;/services/precision-ag;/resources/planter-maintenance-guide,https://www.precisionplanting.com/resources;https://www.precisionplanting.com/products
Article (Rewritten),https://ptxtrimble.com/en/articles/trimble-ptx-trimble-announce-ionoguard-technology-enhanced-agriculture-positioning,trimble-ptx-trimble-announce-ionoguard-technology-enhanced-agriculture-positioning,Trimble Ptx Trimble Announce Ionoguard Technology Enhanced Agriculture Positioning,Trimble Ptx Trimble Announce Ionoguard Technology Enhanced Agriculture Positioning | Local Insights & How-To | [Dealer Name],"Actionable, dealer-written take on trimble ptx trimble announce ionoguard technology enhanced agriculture positioning—with steps, KPIs, and links to Precision Planting resources.","trimble, ptx, announce, ionoguard, technology, enhanced, agriculture, positioning, precision agriculture, farm technology, ptx trimble",Precision Ag Strategy,"https://source.unsplash.com/1600x900/?trimble+ptx+trimble+announce+ionoguard,farm",Trimble Ptx Trimble Announce Ionoguard Technology Enhanced Agriculture Positioning — agriculture scene,"<!-- rewritten from https://ptxtrimble.com/en/articles/trimble-ptx-trimble-announce-ionoguard-technology-enhanced-agriculture-positioning -->
<section class=""intro"">
  <p class=""eyebrow"">Precision Ag Strategy</p>
  <h1>Trimble Ptx Trimble Announce Ionoguard Technology Enhanced Agriculture Positioning — Dealer Insights</h1>
  <p>Trimble Ptx Trimble Announce Ionoguard Technology Enhanced Agriculture Positioning: practical insights and step-by-step actions for growers, with a local dealer perspective.</p>
</section>

<section id=""key-points"">
  <h2>Key Takeaways</h2>
  <ul>
    <li>Why it matters: clear benefits to uptime, accuracy, and profitability.</li>
    <li>What to watch: common mistakes we fix during audits.</li>
    <li>How to implement: practical steps with measurable KPIs.</li>
  </ul>
</section>

<section id=""implementation"">
  <h2>Implementation Playbook</h2>
  <ol><li>On‑farm assessment of equipment, software, and data flows</li><li>Targeted upgrades or calibrations that move the KPI needle</li><li>Display and cloud setup with role‑based workflows</li><li>Field validation pass and tweaks under real conditions</li><li>Season review and continuous improvement plan</li></ol>
</section>

<section id=""local-perspective"">
  <h2>Local Perspective</h2>
  <p>Conditions vary by soil, residue, and weather. We tailor settings and workflows for your fields, your implements, and your team—so the tech does the work, not you.</p>
</section>

<section id=""links"">
  <h2>Helpful Links</h2>
  <h3>Internal</h3>
  <ul><li><a href='/contact'>/contact</a></li><li><a href='/services/precision-ag'>/services/precision-ag</a></li><li><a href='/resources/planter-maintenance-guide'>/resources/planter-maintenance-guide</a></li></ul>
  <h3>External (Precision Planting)</h3>
  <ul><li><a href='https://www.precisionplanting.com/resources' rel='noopener nofollow'>https://www.precisionplanting.com/resources</a></li><li><a href='https://www.precisionplanting.com/products' rel='noopener nofollow'>https://www.precisionplanting.com/products</a></li></ul>
</section>

<section id=""faq"">
  <h2>FAQ</h2>
  <div class='faq'><h3>Will this work on mixed equipment?</h3><p>Yes. We support multi-brand displays and ISOBUS so your existing fleet can be integrated.</p></div><div class='faq'><h3>How soon can I see ROI?</h3><p>Most farms see measurable gains within a season once guidance, application, and data workflows are aligned.</p></div><div class='faq'><h3>Do you offer in-field setup?</h3><p>Yes. We provide audit, install, calibration, and a follow‑up validation pass in season.</p></div>
</section>

<script type=""application/ld+json"">
{
  ""@context"": ""https://schema.org"",
  ""@type"": ""Article"",
  ""headline"": ""Trimble Ptx Trimble Announce Ionoguard Technology Enhanced Agriculture Positioning"",
  ""about"": [
    ""Precision Ag Strategy""
  ],
  ""isBasedOn"": ""https://ptxtrimble.com/en/articles/trimble-ptx-trimble-announce-ionoguard-technology-enhanced-agriculture-positioning"",
  ""datePublished"": ""2025-08-19"",
  ""author"": {
    ""@type"": ""Organization"",
    ""name"": ""[Dealer Name]""
  },
  ""publisher"": {
    ""@type"": ""Organization"",
    ""name"": ""[Dealer Name]""
  },
  ""mainEntityOfPage"": ""/resources/trimble-ptx-trimble-announce-ionoguard-technology-enhanced-agriculture-positioning.html"",
  ""keywords"": ""Precision Ag Strategy""
}
</script>
",/contact;/services/precision-ag;/resources/planter-maintenance-guide,https://www.precisionplanting.com/resources;https://www.precisionplanting.com/products
Article (Rewritten),https://ptxtrimble.com/en/articles/ptx-trimble-honored-with-davidson-prize-outrun-autonomous-grain-cart,ptx-trimble-honored-with-davidson-prize-outrun-autonomous-grain-cart,Ptx Trimble Honored With Davidson Prize Outrun Autonomous Grain Cart,Ptx Trimble Honored With Davidson Prize Outrun Autonomous Grain Cart | Local Insights & How-To | [Dealer Name],"Actionable, dealer-written take on ptx trimble honored with davidson prize outrun autonomous grain cart—with steps, KPIs, and links to Precision Planting resources.","ptx, trimble, honored, with, davidson, prize, outrun, autonomous, grain, cart, precision agriculture, farm technology",Autonomy & AI,"https://source.unsplash.com/1600x900/?ptx+trimble+honored+with+davidson,farm",Ptx Trimble Honored With Davidson Prize Outrun Autonomous Grain Cart — agriculture scene,"<!-- rewritten from https://ptxtrimble.com/en/articles/ptx-trimble-honored-with-davidson-prize-outrun-autonomous-grain-cart -->
<section class=""intro"">
  <p class=""eyebrow"">Autonomy & AI</p>
  <h1>Ptx Trimble Honored With Davidson Prize Outrun Autonomous Grain Cart — Dealer Insights</h1>
  <p>Ptx Trimble Honored With Davidson Prize Outrun Autonomous Grain Cart: practical insights and step-by-step actions for growers, with a local dealer perspective.</p>
</section>

<section id=""key-points"">
  <h2>Key Takeaways</h2>
  <ul>
    <li>Why it matters: clear benefits to uptime, accuracy, and profitability.</li>
    <li>What to watch: common mistakes we fix during audits.</li>
    <li>How to implement: practical steps with measurable KPIs.</li>
  </ul>
</section>

<section id=""implementation"">
  <h2>Implementation Playbook</h2>
  <ol><li>On‑farm assessment of equipment, software, and data flows</li><li>Targeted upgrades or calibrations that move the KPI needle</li><li>Display and cloud setup with role‑based workflows</li><li>Field validation pass and tweaks under real conditions</li><li>Season review and continuous improvement plan</li></ol>
</section>

<section id=""local-perspective"">
  <h2>Local Perspective</h2>
  <p>Conditions vary by soil, residue, and weather. We tailor settings and workflows for your fields, your implements, and your team—so the tech does the work, not you.</p>
</section>

<section id=""links"">
  <h2>Helpful Links</h2>
  <h3>Internal</h3>
  <ul><li><a href='/contact'>/contact</a></li><li><a href='/services/precision-ag'>/services/precision-ag</a></li><li><a href='/resources/planter-maintenance-guide'>/resources/planter-maintenance-guide</a></li></ul>
  <h3>External (Precision Planting)</h3>
  <ul><li><a href='https://www.precisionplanting.com/resources' rel='noopener nofollow'>https://www.precisionplanting.com/resources</a></li><li><a href='https://www.precisionplanting.com/products' rel='noopener nofollow'>https://www.precisionplanting.com/products</a></li></ul>
</section>

<section id=""faq"">
  <h2>FAQ</h2>
  <div class='faq'><h3>Will this work on mixed equipment?</h3><p>Yes. We support multi-brand displays and ISOBUS so your existing fleet can be integrated.</p></div><div class='faq'><h3>How soon can I see ROI?</h3><p>Most farms see measurable gains within a season once guidance, application, and data workflows are aligned.</p></div><div class='faq'><h3>Do you offer in-field setup?</h3><p>Yes. We provide audit, install, calibration, and a follow‑up validation pass in season.</p></div>
</section>

<script type=""application/ld+json"">
{
  ""@context"": ""https://schema.org"",
  ""@type"": ""Article"",
  ""headline"": ""Ptx Trimble Honored With Davidson Prize Outrun Autonomous Grain Cart"",
  ""about"": [
    ""Autonomy & AI""
  ],
  ""isBasedOn"": ""https://ptxtrimble.com/en/articles/ptx-trimble-honored-with-davidson-prize-outrun-autonomous-grain-cart"",
  ""datePublished"": ""2025-08-19"",
  ""author"": {
    ""@type"": ""Organization"",
    ""name"": ""[Dealer Name]""
  },
  ""publisher"": {
    ""@type"": ""Organization"",
    ""name"": ""[Dealer Name]""
  },
  ""mainEntityOfPage"": ""/resources/ptx-trimble-honored-with-davidson-prize-outrun-autonomous-grain-cart.html"",
  ""keywords"": ""Autonomy & AI""
}
</script>
",/contact;/services/precision-ag;/resources/planter-maintenance-guide,https://www.precisionplanting.com/resources;https://www.precisionplanting.com/products
Article (Rewritten),https://ptxtrimble.com/en/blog/preparing-for-planting,preparing-for-planting,Preparing For Planting,Preparing For Planting | Local Insights & How-To | [Dealer Name],"Actionable, dealer-written take on preparing for planting—with steps, KPIs, and links to Precision Planting resources.","preparing, for, planting, precision agriculture, farm technology, ptx trimble",Planting Systems,"https://source.unsplash.com/1600x900/?preparing+for+planting,farm",Preparing For Planting — agriculture scene,"<!-- rewritten from https://ptxtrimble.com/en/blog/preparing-for-planting -->
<section class=""intro"">
  <p class=""eyebrow"">Planting Systems</p>
  <h1>Preparing For Planting — Dealer Insights</h1>
  <p>Preparing For Planting: practical insights and step-by-step actions for growers, with a local dealer perspective.</p>
</section>

<section id=""key-points"">
  <h2>Key Takeaways</h2>
  <ul>
    <li>Why it matters: clear benefits to uptime, accuracy, and profitability.</li>
    <li>What to watch: common mistakes we fix during audits.</li>
    <li>How to implement: practical steps with measurable KPIs.</li>
  </ul>
</section>

<section id=""implementation"">
  <h2>Implementation Playbook</h2>
  <ol><li>On‑farm assessment of equipment, software, and data flows</li><li>Targeted upgrades or calibrations that move the KPI needle</li><li>Display and cloud setup with role‑based workflows</li><li>Field validation pass and tweaks under real conditions</li><li>Season review and continuous improvement plan</li></ol>
</section>

<section id=""local-perspective"">
  <h2>Local Perspective</h2>
  <p>Conditions vary by soil, residue, and weather. We tailor settings and workflows for your fields, your implements, and your team—so the tech does the work, not you.</p>
</section>

<section id=""links"">
  <h2>Helpful Links</h2>
  <h3>Internal</h3>
  <ul><li><a href='/contact'>/contact</a></li><li><a href='/services/precision-ag'>/services/precision-ag</a></li><li><a href='/resources/planter-maintenance-guide'>/resources/planter-maintenance-guide</a></li></ul>
  <h3>External (Precision Planting)</h3>
  <ul><li><a href='https://www.precisionplanting.com/resources' rel='noopener nofollow'>https://www.precisionplanting.com/resources</a></li><li><a href='https://www.precisionplanting.com/products' rel='noopener nofollow'>https://www.precisionplanting.com/products</a></li></ul>
</section>

<section id=""faq"">
  <h2>FAQ</h2>
  <div class='faq'><h3>Will this work on mixed equipment?</h3><p>Yes. We support multi-brand displays and ISOBUS so your existing fleet can be integrated.</p></div><div class='faq'><h3>How soon can I see ROI?</h3><p>Most farms see measurable gains within a season once guidance, application, and data workflows are aligned.</p></div><div class='faq'><h3>Do you offer in-field setup?</h3><p>Yes. We provide audit, install, calibration, and a follow‑up validation pass in season.</p></div>
</section>

<script type=""application/ld+json"">
{
  ""@context"": ""https://schema.org"",
  ""@type"": ""Article"",
  ""headline"": ""Preparing For Planting"",
  ""about"": [
    ""Planting Systems""
  ],
  ""isBasedOn"": ""https://ptxtrimble.com/en/blog/preparing-for-planting"",
  ""datePublished"": ""2025-08-19"",
  ""author"": {
    ""@type"": ""Organization"",
    ""name"": ""[Dealer Name]""
  },
  ""publisher"": {
    ""@type"": ""Organization"",
    ""name"": ""[Dealer Name]""
  },
  ""mainEntityOfPage"": ""/resources/preparing-for-planting.html"",
  ""keywords"": ""Planting Systems""
}
</script>
",/contact;/services/precision-ag;/resources/planter-maintenance-guide,https://www.precisionplanting.com/resources;https://www.precisionplanting.com/products
Article (Rewritten),https://ptxtrimble.com/en/blog/using-app-integrations-to-expand-precision-options,using-app-integrations-to-expand-precision-options,Using App Integrations To Expand Precision Options,Using App Integrations To Expand Precision Options | Local Insights & How-To | [Dealer Name],"Actionable, dealer-written take on using app integrations to expand precision options—with steps, KPIs, and links to Precision Planting resources.","using, app, integrations, to, expand, precision, options, precision agriculture, farm technology, ptx trimble",Precision Ag Strategy,"https://source.unsplash.com/1600x900/?using+app+integrations+expand+precision,farm",Using App Integrations To Expand Precision Options — agriculture scene,"<!-- rewritten from https://ptxtrimble.com/en/blog/using-app-integrations-to-expand-precision-options -->
<section class=""intro"">
  <p class=""eyebrow"">Precision Ag Strategy</p>
  <h1>Using App Integrations To Expand Precision Options — Dealer Insights</h1>
  <p>Using App Integrations To Expand Precision Options: practical insights and step-by-step actions for growers, with a local dealer perspective.</p>
</section>

<section id=""key-points"">
  <h2>Key Takeaways</h2>
  <ul>
    <li>Why it matters: clear benefits to uptime, accuracy, and profitability.</li>
    <li>What to watch: common mistakes we fix during audits.</li>
    <li>How to implement: practical steps with measurable KPIs.</li>
  </ul>
</section>

<section id=""implementation"">
  <h2>Implementation Playbook</h2>
  <ol><li>On‑farm assessment of equipment, software, and data flows</li><li>Targeted upgrades or calibrations that move the KPI needle</li><li>Display and cloud setup with role‑based workflows</li><li>Field validation pass and tweaks under real conditions</li><li>Season review and continuous improvement plan</li></ol>
</section>

<section id=""local-perspective"">
  <h2>Local Perspective</h2>
  <p>Conditions vary by soil, residue, and weather. We tailor settings and workflows for your fields, your implements, and your team—so the tech does the work, not you.</p>
</section>

<section id=""links"">
  <h2>Helpful Links</h2>
  <h3>Internal</h3>
  <ul><li><a href='/contact'>/contact</a></li><li><a href='/services/precision-ag'>/services/precision-ag</a></li><li><a href='/resources/planter-maintenance-guide'>/resources/planter-maintenance-guide</a></li></ul>
  <h3>External (Precision Planting)</h3>
  <ul><li><a href='https://www.precisionplanting.com/resources' rel='noopener nofollow'>https://www.precisionplanting.com/resources</a></li><li><a href='https://www.precisionplanting.com/products' rel='noopener nofollow'>https://www.precisionplanting.com/products</a></li></ul>
</section>

<section id=""faq"">
  <h2>FAQ</h2>
  <div class='faq'><h3>Will this work on mixed equipment?</h3><p>Yes. We support multi-brand displays and ISOBUS so your existing fleet can be integrated.</p></div><div class='faq'><h3>How soon can I see ROI?</h3><p>Most farms see measurable gains within a season once guidance, application, and data workflows are aligned.</p></div><div class='faq'><h3>Do you offer in-field setup?</h3><p>Yes. We provide audit, install, calibration, and a follow‑up validation pass in season.</p></div>
</section>

<script type=""application/ld+json"">
{
  ""@context"": ""https://schema.org"",
  ""@type"": ""Article"",
  ""headline"": ""Using App Integrations To Expand Precision Options"",
  ""about"": [
    ""Precision Ag Strategy""
  ],
  ""isBasedOn"": ""https://ptxtrimble.com/en/blog/using-app-integrations-to-expand-precision-options"",
  ""datePublished"": ""2025-08-19"",
  ""author"": {
    ""@type"": ""Organization"",
    ""name"": ""[Dealer Name]""
  },
  ""publisher"": {
    ""@type"": ""Organization"",
    ""name"": ""[Dealer Name]""
  },
  ""mainEntityOfPage"": ""/resources/using-app-integrations-to-expand-precision-options.html"",
  ""keywords"": ""Precision Ag Strategy""
}
</script>
",/contact;/services/precision-ag;/resources/planter-maintenance-guide,https://www.precisionplanting.com/resources;https://www.precisionplanting.com/products
Article (Rewritten),https://ptxtrimble.com/en/blog/precision-agriculture-trends-2025,precision-agriculture-trends-2025,Precision Agriculture Trends 2025,Precision Agriculture Trends 2025 | Local Insights & How-To | [Dealer Name],"Actionable, dealer-written take on precision agriculture trends 2025—with steps, KPIs, and links to Precision Planting resources.","precision, agriculture, trends, 2025, precision agriculture, farm technology, ptx trimble",Precision Ag Strategy,"https://source.unsplash.com/1600x900/?precision+agriculture+trends+2025,farm",Precision Agriculture Trends 2025 — agriculture scene,"<!-- rewritten from https://ptxtrimble.com/en/blog/precision-agriculture-trends-2025 -->
<section class=""intro"">
  <p class=""eyebrow"">Precision Ag Strategy</p>
  <h1>Precision Agriculture Trends 2025 — Dealer Insights</h1>
  <p>Precision Agriculture Trends 2025: practical insights and step-by-step actions for growers, with a local dealer perspective.</p>
</section>

<section id=""key-points"">
  <h2>Key Takeaways</h2>
  <ul>
    <li>Why it matters: clear benefits to uptime, accuracy, and profitability.</li>
    <li>What to watch: common mistakes we fix during audits.</li>
    <li>How to implement: practical steps with measurable KPIs.</li>
  </ul>
</section>

<section id=""implementation"">
  <h2>Implementation Playbook</h2>
  <ol><li>On‑farm assessment of equipment, software, and data flows</li><li>Targeted upgrades or calibrations that move the KPI needle</li><li>Display and cloud setup with role‑based workflows</li><li>Field validation pass and tweaks under real conditions</li><li>Season review and continuous improvement plan</li></ol>
</section>

<section id=""local-perspective"">
  <h2>Local Perspective</h2>
  <p>Conditions vary by soil, residue, and weather. We tailor settings and workflows for your fields, your implements, and your team—so the tech does the work, not you.</p>
</section>

<section id=""links"">
  <h2>Helpful Links</h2>
  <h3>Internal</h3>
  <ul><li><a href='/contact'>/contact</a></li><li><a href='/services/precision-ag'>/services/precision-ag</a></li><li><a href='/resources/planter-maintenance-guide'>/resources/planter-maintenance-guide</a></li></ul>
  <h3>External (Precision Planting)</h3>
  <ul><li><a href='https://www.precisionplanting.com/resources' rel='noopener nofollow'>https://www.precisionplanting.com/resources</a></li><li><a href='https://www.precisionplanting.com/products' rel='noopener nofollow'>https://www.precisionplanting.com/products</a></li></ul>
</section>

<section id=""faq"">
  <h2>FAQ</h2>
  <div class='faq'><h3>Will this work on mixed equipment?</h3><p>Yes. We support multi-brand displays and ISOBUS so your existing fleet can be integrated.</p></div><div class='faq'><h3>How soon can I see ROI?</h3><p>Most farms see measurable gains within a season once guidance, application, and data workflows are aligned.</p></div><div class='faq'><h3>Do you offer in-field setup?</h3><p>Yes. We provide audit, install, calibration, and a follow‑up validation pass in season.</p></div>
</section>

<script type=""application/ld+json"">
{
  ""@context"": ""https://schema.org"",
  ""@type"": ""Article"",
  ""headline"": ""Precision Agriculture Trends 2025"",
  ""about"": [
    ""Precision Ag Strategy""
  ],
  ""isBasedOn"": ""https://ptxtrimble.com/en/blog/precision-agriculture-trends-2025"",
  ""datePublished"": ""2025-08-19"",
  ""author"": {
    ""@type"": ""Organization"",
    ""name"": ""[Dealer Name]""
  },
  ""publisher"": {
    ""@type"": ""Organization"",
    ""name"": ""[Dealer Name]""
  },
  ""mainEntityOfPage"": ""/resources/precision-agriculture-trends-2025.html"",
  ""keywords"": ""Precision Ag Strategy""
}
</script>
",/contact;/services/precision-ag;/resources/planter-maintenance-guide,https://www.precisionplanting.com/resources;https://www.precisionplanting.com/products
Article (Rewritten),https://ptxtrimble.com/en/blog/winfield-united-gets-gains,winfield-united-gets-gains,Winfield United Gets Gains,Winfield United Gets Gains | Local Insights & How-To | [Dealer Name],"Actionable, dealer-written take on winfield united gets gains—with steps, KPIs, and links to Precision Planting resources.","winfield, united, gets, gains, precision agriculture, farm technology, ptx trimble",Precision Ag Strategy,"https://source.unsplash.com/1600x900/?winfield+united+gets+gains,farm",Winfield United Gets Gains — agriculture scene,"<!-- rewritten from https://ptxtrimble.com/en/blog/winfield-united-gets-gains -->
<section class=""intro"">
  <p class=""eyebrow"">Precision Ag Strategy</p>
  <h1>Winfield United Gets Gains — Dealer Insights</h1>
  <p>Winfield United Gets Gains: practical insights and step-by-step actions for growers, with a local dealer perspective.</p>
</section>

<section id=""key-points"">
  <h2>Key Takeaways</h2>
  <ul>
    <li>Why it matters: clear benefits to uptime, accuracy, and profitability.</li>
    <li>What to watch: common mistakes we fix during audits.</li>
    <li>How to implement: practical steps with measurable KPIs.</li>
  </ul>
</section>

<section id=""implementation"">
  <h2>Implementation Playbook</h2>
  <ol><li>On‑farm assessment of equipment, software, and data flows</li><li>Targeted upgrades or calibrations that move the KPI needle</li><li>Display and cloud setup with role‑based workflows</li><li>Field validation pass and tweaks under real conditions</li><li>Season review and continuous improvement plan</li></ol>
</section>

<section id=""local-perspective"">
  <h2>Local Perspective</h2>
  <p>Conditions vary by soil, residue, and weather. We tailor settings and workflows for your fields, your implements, and your team—so the tech does the work, not you.</p>
</section>

<section id=""links"">
  <h2>Helpful Links</h2>
  <h3>Internal</h3>
  <ul><li><a href='/contact'>/contact</a></li><li><a href='/services/precision-ag'>/services/precision-ag</a></li><li><a href='/resources/planter-maintenance-guide'>/resources/planter-maintenance-guide</a></li></ul>
  <h3>External (Precision Planting)</h3>
  <ul><li><a href='https://www.precisionplanting.com/resources' rel='noopener nofollow'>https://www.precisionplanting.com/resources</a></li><li><a href='https://www.precisionplanting.com/products' rel='noopener nofollow'>https://www.precisionplanting.com/products</a></li></ul>
</section>

<section id=""faq"">
  <h2>FAQ</h2>
  <div class='faq'><h3>Will this work on mixed equipment?</h3><p>Yes. We support multi-brand displays and ISOBUS so your existing fleet can be integrated.</p></div><div class='faq'><h3>How soon can I see ROI?</h3><p>Most farms see measurable gains within a season once guidance, application, and data workflows are aligned.</p></div><div class='faq'><h3>Do you offer in-field setup?</h3><p>Yes. We provide audit, install, calibration, and a follow‑up validation pass in season.</p></div>
</section>

<script type=""application/ld+json"">
{
  ""@context"": ""https://schema.org"",
  ""@type"": ""Article"",
  ""headline"": ""Winfield United Gets Gains"",
  ""about"": [
    ""Precision Ag Strategy""
  ],
  ""isBasedOn"": ""https://ptxtrimble.com/en/blog/winfield-united-gets-gains"",
  ""datePublished"": ""2025-08-19"",
  ""author"": {
    ""@type"": ""Organization"",
    ""name"": ""[Dealer Name]""
  },
  ""publisher"": {
    ""@type"": ""Organization"",
    ""name"": ""[Dealer Name]""
  },
  ""mainEntityOfPage"": ""/resources/winfield-united-gets-gains.html"",
  ""keywords"": ""Precision Ag Strategy""
}
</script>
",/contact;/services/precision-ag;/resources/planter-maintenance-guide,https://www.precisionplanting.com/resources;https://www.precisionplanting.com/products
Article (Rewritten),https://ptxtrimble.com/en/blog/driving-your-farm-forward-part-2,driving-your-farm-forward-part-2,Driving Your Farm Forward Part 2,Driving Your Farm Forward Part 2 | Local Insights & How-To | [Dealer Name],"Actionable, dealer-written take on driving your farm forward part 2—with steps, KPIs, and links to Precision Planting resources.","driving, your, farm, forward, part, 2, precision agriculture, farm technology, ptx trimble",Precision Ag Strategy,"https://source.unsplash.com/1600x900/?driving+your+farm+forward+part,farm",Driving Your Farm Forward Part 2 — agriculture scene,"<!-- rewritten from https://ptxtrimble.com/en/blog/driving-your-farm-forward-part-2 -->
<section class=""intro"">
  <p class=""eyebrow"">Precision Ag Strategy</p>
  <h1>Driving Your Farm Forward Part 2 — Dealer Insights</h1>
  <p>Driving Your Farm Forward Part 2: practical insights and step-by-step actions for growers, with a local dealer perspective.</p>
</section>

<section id=""key-points"">
  <h2>Key Takeaways</h2>
  <ul>
    <li>Why it matters: clear benefits to uptime, accuracy, and profitability.</li>
    <li>What to watch: common mistakes we fix during audits.</li>
    <li>How to implement: practical steps with measurable KPIs.</li>
  </ul>
</section>

<section id=""implementation"">
  <h2>Implementation Playbook</h2>
  <ol><li>On‑farm assessment of equipment, software, and data flows</li><li>Targeted upgrades or calibrations that move the KPI needle</li><li>Display and cloud setup with role‑based workflows</li><li>Field validation pass and tweaks under real conditions</li><li>Season review and continuous improvement plan</li></ol>
</section>

<section id=""local-perspective"">
  <h2>Local Perspective</h2>
  <p>Conditions vary by soil, residue, and weather. We tailor settings and workflows for your fields, your implements, and your team—so the tech does the work, not you.</p>
</section>

<section id=""links"">
  <h2>Helpful Links</h2>
  <h3>Internal</h3>
  <ul><li><a href='/contact'>/contact</a></li><li><a href='/services/precision-ag'>/services/precision-ag</a></li><li><a href='/resources/planter-maintenance-guide'>/resources/planter-maintenance-guide</a></li></ul>
  <h3>External (Precision Planting)</h3>
  <ul><li><a href='https://www.precisionplanting.com/resources' rel='noopener nofollow'>https://www.precisionplanting.com/resources</a></li><li><a href='https://www.precisionplanting.com/products' rel='noopener nofollow'>https://www.precisionplanting.com/products</a></li></ul>
</section>

<section id=""faq"">
  <h2>FAQ</h2>
  <div class='faq'><h3>Will this work on mixed equipment?</h3><p>Yes. We support multi-brand displays and ISOBUS so your existing fleet can be integrated.</p></div><div class='faq'><h3>How soon can I see ROI?</h3><p>Most farms see measurable gains within a season once guidance, application, and data workflows are aligned.</p></div><div class='faq'><h3>Do you offer in-field setup?</h3><p>Yes. We provide audit, install, calibration, and a follow‑up validation pass in season.</p></div>
</section>

<script type=""application/ld+json"">
{
  ""@context"": ""https://schema.org"",
  ""@type"": ""Article"",
  ""headline"": ""Driving Your Farm Forward Part 2"",
  ""about"": [
    ""Precision Ag Strategy""
  ],
  ""isBasedOn"": ""https://ptxtrimble.com/en/blog/driving-your-farm-forward-part-2"",
  ""datePublished"": ""2025-08-19"",
  ""author"": {
    ""@type"": ""Organization"",
    ""name"": ""[Dealer Name]""
  },
  ""publisher"": {
    ""@type"": ""Organization"",
    ""name"": ""[Dealer Name]""
  },
  ""mainEntityOfPage"": ""/resources/driving-your-farm-forward-part-2.html"",
  ""keywords"": ""Precision Ag Strategy""
}
</script>
",/contact;/services/precision-ag;/resources/planter-maintenance-guide,https://www.precisionplanting.com/resources;https://www.precisionplanting.com/products
Article (Rewritten),https://ptxtrimble.com/en/blog/driving-your-farm-forward,driving-your-farm-forward,Driving Your Farm Forward,Driving Your Farm Forward | Local Insights & How-To | [Dealer Name],"Actionable, dealer-written take on driving your farm forward—with steps, KPIs, and links to Precision Planting resources.","driving, your, farm, forward, precision agriculture, farm technology, ptx trimble",Precision Ag Strategy,"https://source.unsplash.com/1600x900/?driving+your+farm+forward,farm",Driving Your Farm Forward — agriculture scene,"<!-- rewritten from https://ptxtrimble.com/en/blog/driving-your-farm-forward -->
<section class=""intro"">
  <p class=""eyebrow"">Precision Ag Strategy</p>
  <h1>Driving Your Farm Forward — Dealer Insights</h1>
  <p>Driving Your Farm Forward: practical insights and step-by-step actions for growers, with a local dealer perspective.</p>
</section>

<section id=""key-points"">
  <h2>Key Takeaways</h2>
  <ul>
    <li>Why it matters: clear benefits to uptime, accuracy, and profitability.</li>
    <li>What to watch: common mistakes we fix during audits.</li>
    <li>How to implement: practical steps with measurable KPIs.</li>
  </ul>
</section>

<section id=""implementation"">
  <h2>Implementation Playbook</h2>
  <ol><li>On‑farm assessment of equipment, software, and data flows</li><li>Targeted upgrades or calibrations that move the KPI needle</li><li>Display and cloud setup with role‑based workflows</li><li>Field validation pass and tweaks under real conditions</li><li>Season review and continuous improvement plan</li></ol>
</section>

<section id=""local-perspective"">
  <h2>Local Perspective</h2>
  <p>Conditions vary by soil, residue, and weather. We tailor settings and workflows for your fields, your implements, and your team—so the tech does the work, not you.</p>
</section>

<section id=""links"">
  <h2>Helpful Links</h2>
  <h3>Internal</h3>
  <ul><li><a href='/contact'>/contact</a></li><li><a href='/services/precision-ag'>/services/precision-ag</a></li><li><a href='/resources/planter-maintenance-guide'>/resources/planter-maintenance-guide</a></li></ul>
  <h3>External (Precision Planting)</h3>
  <ul><li><a href='https://www.precisionplanting.com/resources' rel='noopener nofollow'>https://www.precisionplanting.com/resources</a></li><li><a href='https://www.precisionplanting.com/products' rel='noopener nofollow'>https://www.precisionplanting.com/products</a></li></ul>
</section>

<section id=""faq"">
  <h2>FAQ</h2>
  <div class='faq'><h3>Will this work on mixed equipment?</h3><p>Yes. We support multi-brand displays and ISOBUS so your existing fleet can be integrated.</p></div><div class='faq'><h3>How soon can I see ROI?</h3><p>Most farms see measurable gains within a season once guidance, application, and data workflows are aligned.</p></div><div class='faq'><h3>Do you offer in-field setup?</h3><p>Yes. We provide audit, install, calibration, and a follow‑up validation pass in season.</p></div>
</section>

<script type=""application/ld+json"">
{
  ""@context"": ""https://schema.org"",
  ""@type"": ""Article"",
  ""headline"": ""Driving Your Farm Forward"",
  ""about"": [
    ""Precision Ag Strategy""
  ],
  ""isBasedOn"": ""https://ptxtrimble.com/en/blog/driving-your-farm-forward"",
  ""datePublished"": ""2025-08-19"",
  ""author"": {
    ""@type"": ""Organization"",
    ""name"": ""[Dealer Name]""
  },
  ""publisher"": {
    ""@type"": ""Organization"",
    ""name"": ""[Dealer Name]""
  },
  ""mainEntityOfPage"": ""/resources/driving-your-farm-forward.html"",
  ""keywords"": ""Precision Ag Strategy""
}
</script>
",/contact;/services/precision-ag;/resources/planter-maintenance-guide,https://www.precisionplanting.com/resources;https://www.precisionplanting.com/products
Article (Rewritten),https://ptxtrimble.com/en/blog/world-food-day-2024,world-food-day-2024,World Food Day 2024,World Food Day 2024 | Local Insights & How-To | [Dealer Name],"Actionable, dealer-written take on world food day 2024—with steps, KPIs, and links to Precision Planting resources.","world, food, day, 2024, precision agriculture, farm technology, ptx trimble",Precision Ag Strategy,"https://source.unsplash.com/1600x900/?world+food+day+2024,farm",World Food Day 2024 — agriculture scene,"<!-- rewritten from https://ptxtrimble.com/en/blog/world-food-day-2024 -->
<section class=""intro"">
  <p class=""eyebrow"">Precision Ag Strategy</p>
  <h1>World Food Day 2024 — Dealer Insights</h1>
  <p>World Food Day 2024: practical insights and step-by-step actions for growers, with a local dealer perspective.</p>
</section>

<section id=""key-points"">
  <h2>Key Takeaways</h2>
  <ul>
    <li>Why it matters: clear benefits to uptime, accuracy, and profitability.</li>
    <li>What to watch: common mistakes we fix during audits.</li>
    <li>How to implement: practical steps with measurable KPIs.</li>
  </ul>
</section>

<section id=""implementation"">
  <h2>Implementation Playbook</h2>
  <ol><li>On‑farm assessment of equipment, software, and data flows</li><li>Targeted upgrades or calibrations that move the KPI needle</li><li>Display and cloud setup with role‑based workflows</li><li>Field validation pass and tweaks under real conditions</li><li>Season review and continuous improvement plan</li></ol>
</section>

<section id=""local-perspective"">
  <h2>Local Perspective</h2>
  <p>Conditions vary by soil, residue, and weather. We tailor settings and workflows for your fields, your implements, and your team—so the tech does the work, not you.</p>
</section>

<section id=""links"">
  <h2>Helpful Links</h2>
  <h3>Internal</h3>
  <ul><li><a href='/contact'>/contact</a></li><li><a href='/services/precision-ag'>/services/precision-ag</a></li><li><a href='/resources/planter-maintenance-guide'>/resources/planter-maintenance-guide</a></li></ul>
  <h3>External (Precision Planting)</h3>
  <ul><li><a href='https://www.precisionplanting.com/resources' rel='noopener nofollow'>https://www.precisionplanting.com/resources</a></li><li><a href='https://www.precisionplanting.com/products' rel='noopener nofollow'>https://www.precisionplanting.com/products</a></li></ul>
</section>

<section id=""faq"">
  <h2>FAQ</h2>
  <div class='faq'><h3>Will this work on mixed equipment?</h3><p>Yes. We support multi-brand displays and ISOBUS so your existing fleet can be integrated.</p></div><div class='faq'><h3>How soon can I see ROI?</h3><p>Most farms see measurable gains within a season once guidance, application, and data workflows are aligned.</p></div><div class='faq'><h3>Do you offer in-field setup?</h3><p>Yes. We provide audit, install, calibration, and a follow‑up validation pass in season.</p></div>
</section>

<script type=""application/ld+json"">
{
  ""@context"": ""https://schema.org"",
  ""@type"": ""Article"",
  ""headline"": ""World Food Day 2024"",
  ""about"": [
    ""Precision Ag Strategy""
  ],
  ""isBasedOn"": ""https://ptxtrimble.com/en/blog/world-food-day-2024"",
  ""datePublished"": ""2025-08-19"",
  ""author"": {
    ""@type"": ""Organization"",
    ""name"": ""[Dealer Name]""
  },
  ""publisher"": {
    ""@type"": ""Organization"",
    ""name"": ""[Dealer Name]""
  },
  ""mainEntityOfPage"": ""/resources/world-food-day-2024.html"",
  ""keywords"": ""Precision Ag Strategy""
}
</script>
",/contact;/services/precision-ag;/resources/planter-maintenance-guide,https://www.precisionplanting.com/resources;https://www.precisionplanting.com/products
Article (Rewritten),https://ptxtrimble.com/en/blog/going-beyond-basic-guidance,going-beyond-basic-guidance,Going Beyond Basic Guidance,Going Beyond Basic Guidance | Local Insights & How-To | [Dealer Name],"Actionable, dealer-written take on going beyond basic guidance—with steps, KPIs, and links to Precision Planting resources.","going, beyond, basic, guidance, precision agriculture, farm technology, ptx trimble",Precision Ag Strategy,"https://source.unsplash.com/1600x900/?going+beyond+basic+guidance,farm",Going Beyond Basic Guidance — agriculture scene,"<!-- rewritten from https://ptxtrimble.com/en/blog/going-beyond-basic-guidance -->
<section class=""intro"">
  <p class=""eyebrow"">Precision Ag Strategy</p>
  <h1>Going Beyond Basic Guidance — Dealer Insights</h1>
  <p>Going Beyond Basic Guidance: practical insights and step-by-step actions for growers, with a local dealer perspective.</p>
</section>

<section id=""key-points"">
  <h2>Key Takeaways</h2>
  <ul>
    <li>Why it matters: clear benefits to uptime, accuracy, and profitability.</li>
    <li>What to watch: common mistakes we fix during audits.</li>
    <li>How to implement: practical steps with measurable KPIs.</li>
  </ul>
</section>

<section id=""implementation"">
  <h2>Implementation Playbook</h2>
  <ol><li>On‑farm assessment of equipment, software, and data flows</li><li>Targeted upgrades or calibrations that move the KPI needle</li><li>Display and cloud setup with role‑based workflows</li><li>Field validation pass and tweaks under real conditions</li><li>Season review and continuous improvement plan</li></ol>
</section>

<section id=""local-perspective"">
  <h2>Local Perspective</h2>
  <p>Conditions vary by soil, residue, and weather. We tailor settings and workflows for your fields, your implements, and your team—so the tech does the work, not you.</p>
</section>

<section id=""links"">
  <h2>Helpful Links</h2>
  <h3>Internal</h3>
  <ul><li><a href='/contact'>/contact</a></li><li><a href='/services/precision-ag'>/services/precision-ag</a></li><li><a href='/resources/planter-maintenance-guide'>/resources/planter-maintenance-guide</a></li></ul>
  <h3>External (Precision Planting)</h3>
  <ul><li><a href='https://www.precisionplanting.com/resources' rel='noopener nofollow'>https://www.precisionplanting.com/resources</a></li><li><a href='https://www.precisionplanting.com/products' rel='noopener nofollow'>https://www.precisionplanting.com/products</a></li></ul>
</section>

<section id=""faq"">
  <h2>FAQ</h2>
  <div class='faq'><h3>Will this work on mixed equipment?</h3><p>Yes. We support multi-brand displays and ISOBUS so your existing fleet can be integrated.</p></div><div class='faq'><h3>How soon can I see ROI?</h3><p>Most farms see measurable gains within a season once guidance, application, and data workflows are aligned.</p></div><div class='faq'><h3>Do you offer in-field setup?</h3><p>Yes. We provide audit, install, calibration, and a follow‑up validation pass in season.</p></div>
</section>

<script type=""application/ld+json"">
{
  ""@context"": ""https://schema.org"",
  ""@type"": ""Article"",
  ""headline"": ""Going Beyond Basic Guidance"",
  ""about"": [
    ""Precision Ag Strategy""
  ],
  ""isBasedOn"": ""https://ptxtrimble.com/en/blog/going-beyond-basic-guidance"",
  ""datePublished"": ""2025-08-19"",
  ""author"": {
    ""@type"": ""Organization"",
    ""name"": ""[Dealer Name]""
  },
  ""publisher"": {
    ""@type"": ""Organization"",
    ""name"": ""[Dealer Name]""
  },
  ""mainEntityOfPage"": ""/resources/going-beyond-basic-guidance.html"",
  ""keywords"": ""Precision Ag Strategy""
}
</script>
",/contact;/services/precision-ag;/resources/planter-maintenance-guide,https://www.precisionplanting.com/resources;https://www.precisionplanting.com/products
Article (Rewritten),https://ptxtrimble.com/en/blog/setting-yourself-up-for-success-this-fall,setting-yourself-up-for-success-this-fall,Setting Yourself Up For Success This Fall,Setting Yourself Up For Success This Fall | Local Insights & How-To | [Dealer Name],"Actionable, dealer-written take on setting yourself up for success this fall—with steps, KPIs, and links to Precision Planting resources.","setting, yourself, up, for, success, this, fall, precision agriculture, farm technology, ptx trimble",Precision Ag Strategy,"https://source.unsplash.com/1600x900/?setting+yourself+for+success+this,farm",Setting Yourself Up For Success This Fall — agriculture scene,"<!-- rewritten from https://ptxtrimble.com/en/blog/setting-yourself-up-for-success-this-fall -->
<section class=""intro"">
  <p class=""eyebrow"">Precision Ag Strategy</p>
  <h1>Setting Yourself Up For Success This Fall — Dealer Insights</h1>
  <p>Setting Yourself Up For Success This Fall: practical insights and step-by-step actions for growers, with a local dealer perspective.</p>
</section>

<section id=""key-points"">
  <h2>Key Takeaways</h2>
  <ul>
    <li>Why it matters: clear benefits to uptime, accuracy, and profitability.</li>
    <li>What to watch: common mistakes we fix during audits.</li>
    <li>How to implement: practical steps with measurable KPIs.</li>
  </ul>
</section>

<section id=""implementation"">
  <h2>Implementation Playbook</h2>
  <ol><li>On‑farm assessment of equipment, software, and data flows</li><li>Targeted upgrades or calibrations that move the KPI needle</li><li>Display and cloud setup with role‑based workflows</li><li>Field validation pass and tweaks under real conditions</li><li>Season review and continuous improvement plan</li></ol>
</section>

<section id=""local-perspective"">
  <h2>Local Perspective</h2>
  <p>Conditions vary by soil, residue, and weather. We tailor settings and workflows for your fields, your implements, and your team—so the tech does the work, not you.</p>
</section>

<section id=""links"">
  <h2>Helpful Links</h2>
  <h3>Internal</h3>
  <ul><li><a href='/contact'>/contact</a></li><li><a href='/services/precision-ag'>/services/precision-ag</a></li><li><a href='/resources/planter-maintenance-guide'>/resources/planter-maintenance-guide</a></li></ul>
  <h3>External (Precision Planting)</h3>
  <ul><li><a href='https://www.precisionplanting.com/resources' rel='noopener nofollow'>https://www.precisionplanting.com/resources</a></li><li><a href='https://www.precisionplanting.com/products' rel='noopener nofollow'>https://www.precisionplanting.com/products</a></li></ul>
</section>

<section id=""faq"">
  <h2>FAQ</h2>
  <div class='faq'><h3>Will this work on mixed equipment?</h3><p>Yes. We support multi-brand displays and ISOBUS so your existing fleet can be integrated.</p></div><div class='faq'><h3>How soon can I see ROI?</h3><p>Most farms see measurable gains within a season once guidance, application, and data workflows are aligned.</p></div><div class='faq'><h3>Do you offer in-field setup?</h3><p>Yes. We provide audit, install, calibration, and a follow‑up validation pass in season.</p></div>
</section>

<script type=""application/ld+json"">
{
  ""@context"": ""https://schema.org"",
  ""@type"": ""Article"",
  ""headline"": ""Setting Yourself Up For Success This Fall"",
  ""about"": [
    ""Precision Ag Strategy""
  ],
  ""isBasedOn"": ""https://ptxtrimble.com/en/blog/setting-yourself-up-for-success-this-fall"",
  ""datePublished"": ""2025-08-19"",
  ""author"": {
    ""@type"": ""Organization"",
    ""name"": ""[Dealer Name]""
  },
  ""publisher"": {
    ""@type"": ""Organization"",
    ""name"": ""[Dealer Name]""
  },
  ""mainEntityOfPage"": ""/resources/setting-yourself-up-for-success-this-fall.html"",
  ""keywords"": ""Precision Ag Strategy""
}
</script>
",/contact;/services/precision-ag;/resources/planter-maintenance-guide,https://www.precisionplanting.com/resources;https://www.precisionplanting.com/products
Article (Rewritten),https://ptxtrimble.com/en/blog/harnessing-control-of-your-mixed-fleet,harnessing-control-of-your-mixed-fleet,Harnessing Control Of Your Mixed Fleet,Harnessing Control Of Your Mixed Fleet | Local Insights & How-To | [Dealer Name],"Actionable, dealer-written take on harnessing control of your mixed fleet—with steps, KPIs, and links to Precision Planting resources.","harnessing, control, of, your, mixed, fleet, precision agriculture, farm technology, ptx trimble",Fleet & Guidance,"https://source.unsplash.com/1600x900/?harnessing+control+your+mixed+fleet,farm",Harnessing Control Of Your Mixed Fleet — agriculture scene,"<!-- rewritten from https://ptxtrimble.com/en/blog/harnessing-control-of-your-mixed-fleet -->
<section class=""intro"">
  <p class=""eyebrow"">Fleet & Guidance</p>
  <h1>Harnessing Control Of Your Mixed Fleet — Dealer Insights</h1>
  <p>Harnessing Control Of Your Mixed Fleet: practical insights and step-by-step actions for growers, with a local dealer perspective.</p>
</section>

<section id=""key-points"">
  <h2>Key Takeaways</h2>
  <ul>
    <li>Why it matters: clear benefits to uptime, accuracy, and profitability.</li>
    <li>What to watch: common mistakes we fix during audits.</li>
    <li>How to implement: practical steps with measurable KPIs.</li>
  </ul>
</section>

<section id=""implementation"">
  <h2>Implementation Playbook</h2>
  <ol><li>On‑farm assessment of equipment, software, and data flows</li><li>Targeted upgrades or calibrations that move the KPI needle</li><li>Display and cloud setup with role‑based workflows</li><li>Field validation pass and tweaks under real conditions</li><li>Season review and continuous improvement plan</li></ol>
</section>

<section id=""local-perspective"">
  <h2>Local Perspective</h2>
  <p>Conditions vary by soil, residue, and weather. We tailor settings and workflows for your fields, your implements, and your team—so the tech does the work, not you.</p>
</section>

<section id=""links"">
  <h2>Helpful Links</h2>
  <h3>Internal</h3>
  <ul><li><a href='/contact'>/contact</a></li><li><a href='/services/precision-ag'>/services/precision-ag</a></li><li><a href='/resources/planter-maintenance-guide'>/resources/planter-maintenance-guide</a></li></ul>
  <h3>External (Precision Planting)</h3>
  <ul><li><a href='https://www.precisionplanting.com/resources' rel='noopener nofollow'>https://www.precisionplanting.com/resources</a></li><li><a href='https://www.precisionplanting.com/products' rel='noopener nofollow'>https://www.precisionplanting.com/products</a></li></ul>
</section>

<section id=""faq"">
  <h2>FAQ</h2>
  <div class='faq'><h3>Will this work on mixed equipment?</h3><p>Yes. We support multi-brand displays and ISOBUS so your existing fleet can be integrated.</p></div><div class='faq'><h3>How soon can I see ROI?</h3><p>Most farms see measurable gains within a season once guidance, application, and data workflows are aligned.</p></div><div class='faq'><h3>Do you offer in-field setup?</h3><p>Yes. We provide audit, install, calibration, and a follow‑up validation pass in season.</p></div>
</section>

<script type=""application/ld+json"">
{
  ""@context"": ""https://schema.org"",
  ""@type"": ""Article"",
  ""headline"": ""Harnessing Control Of Your Mixed Fleet"",
  ""about"": [
    ""Fleet & Guidance""
  ],
  ""isBasedOn"": ""https://ptxtrimble.com/en/blog/harnessing-control-of-your-mixed-fleet"",
  ""datePublished"": ""2025-08-19"",
  ""author"": {
    ""@type"": ""Organization"",
    ""name"": ""[Dealer Name]""
  },
  ""publisher"": {
    ""@type"": ""Organization"",
    ""name"": ""[Dealer Name]""
  },
  ""mainEntityOfPage"": ""/resources/harnessing-control-of-your-mixed-fleet.html"",
  ""keywords"": ""Fleet & Guidance""
}
</script>
",/contact;/services/precision-ag;/resources/planter-maintenance-guide,https://www.precisionplanting.com/resources;https://www.precisionplanting.com/products
Article (Rewritten),https://ptxtrimble.com/en/blog/the-science-of-smart-spraying-technologies,the-science-of-smart-spraying-technologies,The Science Of Smart Spraying Technologies,The Science Of Smart Spraying Technologies | Local Insights & How-To | [Dealer Name],"Actionable, dealer-written take on the science of smart spraying technologies—with steps, KPIs, and links to Precision Planting resources.","the, science, of, smart, spraying, technologies, precision agriculture, farm technology, ptx trimble",Spraying & Crop Protection,"https://source.unsplash.com/1600x900/?the+science+smart+spraying+technologies,farm",The Science Of Smart Spraying Technologies — agriculture scene,"<!-- rewritten from https://ptxtrimble.com/en/blog/the-science-of-smart-spraying-technologies -->
<section class=""intro"">
  <p class=""eyebrow"">Spraying & Crop Protection</p>
  <h1>The Science Of Smart Spraying Technologies — Dealer Insights</h1>
  <p>The Science Of Smart Spraying Technologies: practical insights and step-by-step actions for growers, with a local dealer perspective.</p>
</section>

<section id=""key-points"">
  <h2>Key Takeaways</h2>
  <ul>
    <li>Why it matters: clear benefits to uptime, accuracy, and profitability.</li>
    <li>What to watch: common mistakes we fix during audits.</li>
    <li>How to implement: practical steps with measurable KPIs.</li>
  </ul>
</section>

<section id=""implementation"">
  <h2>Implementation Playbook</h2>
  <ol><li>On‑farm assessment of equipment, software, and data flows</li><li>Targeted upgrades or calibrations that move the KPI needle</li><li>Display and cloud setup with role‑based workflows</li><li>Field validation pass and tweaks under real conditions</li><li>Season review and continuous improvement plan</li></ol>
</section>

<section id=""local-perspective"">
  <h2>Local Perspective</h2>
  <p>Conditions vary by soil, residue, and weather. We tailor settings and workflows for your fields, your implements, and your team—so the tech does the work, not you.</p>
</section>

<section id=""links"">
  <h2>Helpful Links</h2>
  <h3>Internal</h3>
  <ul><li><a href='/contact'>/contact</a></li><li><a href='/services/precision-ag'>/services/precision-ag</a></li><li><a href='/resources/planter-maintenance-guide'>/resources/planter-maintenance-guide</a></li></ul>
  <h3>External (Precision Planting)</h3>
  <ul><li><a href='https://www.precisionplanting.com/resources' rel='noopener nofollow'>https://www.precisionplanting.com/resources</a></li><li><a href='https://www.precisionplanting.com/products' rel='noopener nofollow'>https://www.precisionplanting.com/products</a></li></ul>
</section>

<section id=""faq"">
  <h2>FAQ</h2>
  <div class='faq'><h3>Will this work on mixed equipment?</h3><p>Yes. We support multi-brand displays and ISOBUS so your existing fleet can be integrated.</p></div><div class='faq'><h3>How soon can I see ROI?</h3><p>Most farms see measurable gains within a season once guidance, application, and data workflows are aligned.</p></div><div class='faq'><h3>Do you offer in-field setup?</h3><p>Yes. We provide audit, install, calibration, and a follow‑up validation pass in season.</p></div>
</section>

<script type=""application/ld+json"">
{
  ""@context"": ""https://schema.org"",
  ""@type"": ""Article"",
  ""headline"": ""The Science Of Smart Spraying Technologies"",
  ""about"": [
    ""Spraying & Crop Protection""
  ],
  ""isBasedOn"": ""https://ptxtrimble.com/en/blog/the-science-of-smart-spraying-technologies"",
  ""datePublished"": ""2025-08-19"",
  ""author"": {
    ""@type"": ""Organization"",
    ""name"": ""[Dealer Name]""
  },
  ""publisher"": {
    ""@type"": ""Organization"",
    ""name"": ""[Dealer Name]""
  },
  ""mainEntityOfPage"": ""/resources/the-science-of-smart-spraying-technologies.html"",
  ""keywords"": ""Spraying & Crop Protection""
}
</script>
",/contact;/services/precision-ag;/resources/planter-maintenance-guide,https://www.precisionplanting.com/resources;https://www.precisionplanting.com/products
Article (Rewritten),https://ptxtrimble.com/en/blog/elevating-operational-efficiency-with-connected-technology,elevating-operational-efficiency-with-connected-technology,Elevating Operational Efficiency With Connected Technology,Elevating Operational Efficiency With Connected Technology | Local Insights & How-To | [Dealer Name],"Actionable, dealer-written take on elevating operational efficiency with connected technology—with steps, KPIs, and links to Precision Planting resources.","elevating, operational, efficiency, with, connected, technology, precision agriculture, farm technology, ptx trimble",Precision Ag Strategy,"https://source.unsplash.com/1600x900/?elevating+operational+efficiency+with+connected,farm",Elevating Operational Efficiency With Connected Technology — agriculture scene,"<!-- rewritten from https://ptxtrimble.com/en/blog/elevating-operational-efficiency-with-connected-technology -->
<section class=""intro"">
  <p class=""eyebrow"">Precision Ag Strategy</p>
  <h1>Elevating Operational Efficiency With Connected Technology — Dealer Insights</h1>
  <p>Elevating Operational Efficiency With Connected Technology: practical insights and step-by-step actions for growers, with a local dealer perspective.</p>
</section>

<section id=""key-points"">
  <h2>Key Takeaways</h2>
  <ul>
    <li>Why it matters: clear benefits to uptime, accuracy, and profitability.</li>
    <li>What to watch: common mistakes we fix during audits.</li>
    <li>How to implement: practical steps with measurable KPIs.</li>
  </ul>
</section>

<section id=""implementation"">
  <h2>Implementation Playbook</h2>
  <ol><li>On‑farm assessment of equipment, software, and data flows</li><li>Targeted upgrades or calibrations that move the KPI needle</li><li>Display and cloud setup with role‑based workflows</li><li>Field validation pass and tweaks under real conditions</li><li>Season review and continuous improvement plan</li></ol>
</section>

<section id=""local-perspective"">
  <h2>Local Perspective</h2>
  <p>Conditions vary by soil, residue, and weather. We tailor settings and workflows for your fields, your implements, and your team—so the tech does the work, not you.</p>
</section>

<section id=""links"">
  <h2>Helpful Links</h2>
  <h3>Internal</h3>
  <ul><li><a href='/contact'>/contact</a></li><li><a href='/services/precision-ag'>/services/precision-ag</a></li><li><a href='/resources/planter-maintenance-guide'>/resources/planter-maintenance-guide</a></li></ul>
  <h3>External (Precision Planting)</h3>
  <ul><li><a href='https://www.precisionplanting.com/resources' rel='noopener nofollow'>https://www.precisionplanting.com/resources</a></li><li><a href='https://www.precisionplanting.com/products' rel='noopener nofollow'>https://www.precisionplanting.com/products</a></li></ul>
</section>

<section id=""faq"">
  <h2>FAQ</h2>
  <div class='faq'><h3>Will this work on mixed equipment?</h3><p>Yes. We support multi-brand displays and ISOBUS so your existing fleet can be integrated.</p></div><div class='faq'><h3>How soon can I see ROI?</h3><p>Most farms see measurable gains within a season once guidance, application, and data workflows are aligned.</p></div><div class='faq'><h3>Do you offer in-field setup?</h3><p>Yes. We provide audit, install, calibration, and a follow‑up validation pass in season.</p></div>
</section>

<script type=""application/ld+json"">
{
  ""@context"": ""https://schema.org"",
  ""@type"": ""Article"",
  ""headline"": ""Elevating Operational Efficiency With Connected Technology"",
  ""about"": [
    ""Precision Ag Strategy""
  ],
  ""isBasedOn"": ""https://ptxtrimble.com/en/blog/elevating-operational-efficiency-with-connected-technology"",
  ""datePublished"": ""2025-08-19"",
  ""author"": {
    ""@type"": ""Organization"",
    ""name"": ""[Dealer Name]""
  },
  ""publisher"": {
    ""@type"": ""Organization"",
    ""name"": ""[Dealer Name]""
  },
  ""mainEntityOfPage"": ""/resources/elevating-operational-efficiency-with-connected-technology.html"",
  ""keywords"": ""Precision Ag Strategy""
}
</script>
",/contact;/services/precision-ag;/resources/planter-maintenance-guide,https://www.precisionplanting.com/resources;https://www.precisionplanting.com/products
Article (Rewritten),https://ptxtrimble.com/en/blog/the-right-tool-for-the-job-leveraging-the-advantages-of-a-mixed-fleet-approach,the-right-tool-for-the-job-leveraging-the-advantages-of-a-mixed-fleet-approach,The Right Tool For The Job Leveraging The Advantages Of A Mixed Fleet Approach,The Right Tool For The Job Leveraging The Advantages Of A Mixed Fleet Approach | Local Insights & How-To | [Dealer Name],"Actionable, dealer-written take on the right tool for the job leveraging the advantages of a mixed fleet approach—with steps, KPIs, and links to Precision Planting resources.","the, right, tool, for, job, leveraging, advantages, of, a, mixed, fleet, approach",Fleet & Guidance,"https://source.unsplash.com/1600x900/?the+right+tool+for+the,farm",The Right Tool For The Job Leveraging The Advantages Of A Mixed Fleet Approach — agriculture scene,"<!-- rewritten from https://ptxtrimble.com/en/blog/the-right-tool-for-the-job-leveraging-the-advantages-of-a-mixed-fleet-approach -->
<section class=""intro"">
  <p class=""eyebrow"">Fleet & Guidance</p>
  <h1>The Right Tool For The Job Leveraging The Advantages Of A Mixed Fleet Approach — Dealer Insights</h1>
  <p>The Right Tool For The Job Leveraging The Advantages Of A Mixed Fleet Approach: practical insights and step-by-step actions for growers, with a local dealer perspective.</p>
</section>

<section id=""key-points"">
  <h2>Key Takeaways</h2>
  <ul>
    <li>Why it matters: clear benefits to uptime, accuracy, and profitability.</li>
    <li>What to watch: common mistakes we fix during audits.</li>
    <li>How to implement: practical steps with measurable KPIs.</li>
  </ul>
</section>

<section id=""implementation"">
  <h2>Implementation Playbook</h2>
  <ol><li>On‑farm assessment of equipment, software, and data flows</li><li>Targeted upgrades or calibrations that move the KPI needle</li><li>Display and cloud setup with role‑based workflows</li><li>Field validation pass and tweaks under real conditions</li><li>Season review and continuous improvement plan</li></ol>
</section>

<section id=""local-perspective"">
  <h2>Local Perspective</h2>
  <p>Conditions vary by soil, residue, and weather. We tailor settings and workflows for your fields, your implements, and your team—so the tech does the work, not you.</p>
</section>

<section id=""links"">
  <h2>Helpful Links</h2>
  <h3>Internal</h3>
  <ul><li><a href='/contact'>/contact</a></li><li><a href='/services/precision-ag'>/services/precision-ag</a></li><li><a href='/resources/planter-maintenance-guide'>/resources/planter-maintenance-guide</a></li></ul>
  <h3>External (Precision Planting)</h3>
  <ul><li><a href='https://www.precisionplanting.com/resources' rel='noopener nofollow'>https://www.precisionplanting.com/resources</a></li><li><a href='https://www.precisionplanting.com/products' rel='noopener nofollow'>https://www.precisionplanting.com/products</a></li></ul>
</section>

<section id=""faq"">
  <h2>FAQ</h2>
  <div class='faq'><h3>Will this work on mixed equipment?</h3><p>Yes. We support multi-brand displays and ISOBUS so your existing fleet can be integrated.</p></div><div class='faq'><h3>How soon can I see ROI?</h3><p>Most farms see measurable gains within a season once guidance, application, and data workflows are aligned.</p></div><div class='faq'><h3>Do you offer in-field setup?</h3><p>Yes. We provide audit, install, calibration, and a follow‑up validation pass in season.</p></div>
</section>

<script type=""application/ld+json"">
{
  ""@context"": ""https://schema.org"",
  ""@type"": ""Article"",
  ""headline"": ""The Right Tool For The Job Leveraging The Advantages Of A Mixed Fleet Approach"",
  ""about"": [
    ""Fleet & Guidance""
  ],
  ""isBasedOn"": ""https://ptxtrimble.com/en/blog/the-right-tool-for-the-job-leveraging-the-advantages-of-a-mixed-fleet-approach"",
  ""datePublished"": ""2025-08-19"",
  ""author"": {
    ""@type"": ""Organization"",
    ""name"": ""[Dealer Name]""
  },
  ""publisher"": {
    ""@type"": ""Organization"",
    ""name"": ""[Dealer Name]""
  },
  ""mainEntityOfPage"": ""/resources/the-right-tool-for-the-job-leveraging-the-advantages-of-a-mixed-fleet-approach.html"",
  ""keywords"": ""Fleet & Guidance""
}
</script>
",/contact;/services/precision-ag;/resources/planter-maintenance-guide,https://www.precisionplanting.com/resources;https://www.precisionplanting.com/products
Article (Rewritten),https://ptxtrimble.com/en/articles/agco-and-trimble-close-joint-venture-form-ptx-trimble,agco-and-trimble-close-joint-venture-form-ptx-trimble,Agco And Trimble Close Joint Venture Form Ptx Trimble,Agco And Trimble Close Joint Venture Form Ptx Trimble | Local Insights & How-To | [Dealer Name],"Actionable, dealer-written take on agco and trimble close joint venture form ptx trimble—with steps, KPIs, and links to Precision Planting resources.","agco, and, trimble, close, joint, venture, form, ptx, precision agriculture, farm technology, ptx trimble",Precision Ag Strategy,"https://source.unsplash.com/1600x900/?agco+and+trimble+close+joint,farm",Agco And Trimble Close Joint Venture Form Ptx Trimble — agriculture scene,"<!-- rewritten from https://ptxtrimble.com/en/articles/agco-and-trimble-close-joint-venture-form-ptx-trimble -->
<section class=""intro"">
  <p class=""eyebrow"">Precision Ag Strategy</p>
  <h1>Agco And Trimble Close Joint Venture Form Ptx Trimble — Dealer Insights</h1>
  <p>Agco And Trimble Close Joint Venture Form Ptx Trimble: practical insights and step-by-step actions for growers, with a local dealer perspective.</p>
</section>

<section id=""key-points"">
  <h2>Key Takeaways</h2>
  <ul>
    <li>Why it matters: clear benefits to uptime, accuracy, and profitability.</li>
    <li>What to watch: common mistakes we fix during audits.</li>
    <li>How to implement: practical steps with measurable KPIs.</li>
  </ul>
</section>

<section id=""implementation"">
  <h2>Implementation Playbook</h2>
  <ol><li>On‑farm assessment of equipment, software, and data flows</li><li>Targeted upgrades or calibrations that move the KPI needle</li><li>Display and cloud setup with role‑based workflows</li><li>Field validation pass and tweaks under real conditions</li><li>Season review and continuous improvement plan</li></ol>
</section>

<section id=""local-perspective"">
  <h2>Local Perspective</h2>
  <p>Conditions vary by soil, residue, and weather. We tailor settings and workflows for your fields, your implements, and your team—so the tech does the work, not you.</p>
</section>

<section id=""links"">
  <h2>Helpful Links</h2>
  <h3>Internal</h3>
  <ul><li><a href='/contact'>/contact</a></li><li><a href='/services/precision-ag'>/services/precision-ag</a></li><li><a href='/resources/planter-maintenance-guide'>/resources/planter-maintenance-guide</a></li></ul>
  <h3>External (Precision Planting)</h3>
  <ul><li><a href='https://www.precisionplanting.com/resources' rel='noopener nofollow'>https://www.precisionplanting.com/resources</a></li><li><a href='https://www.precisionplanting.com/products' rel='noopener nofollow'>https://www.precisionplanting.com/products</a></li></ul>
</section>

<section id=""faq"">
  <h2>FAQ</h2>
  <div class='faq'><h3>Will this work on mixed equipment?</h3><p>Yes. We support multi-brand displays and ISOBUS so your existing fleet can be integrated.</p></div><div class='faq'><h3>How soon can I see ROI?</h3><p>Most farms see measurable gains within a season once guidance, application, and data workflows are aligned.</p></div><div class='faq'><h3>Do you offer in-field setup?</h3><p>Yes. We provide audit, install, calibration, and a follow‑up validation pass in season.</p></div>
</section>

<script type=""application/ld+json"">
{
  ""@context"": ""https://schema.org"",
  ""@type"": ""Article"",
  ""headline"": ""Agco And Trimble Close Joint Venture Form Ptx Trimble"",
  ""about"": [
    ""Precision Ag Strategy""
  ],
  ""isBasedOn"": ""https://ptxtrimble.com/en/articles/agco-and-trimble-close-joint-venture-form-ptx-trimble"",
  ""datePublished"": ""2025-08-19"",
  ""author"": {
    ""@type"": ""Organization"",
    ""name"": ""[Dealer Name]""
  },
  ""publisher"": {
    ""@type"": ""Organization"",
    ""name"": ""[Dealer Name]""
  },
  ""mainEntityOfPage"": ""/resources/agco-and-trimble-close-joint-venture-form-ptx-trimble.html"",
  ""keywords"": ""Precision Ag Strategy""
}
</script>
",/contact;/services/precision-ag;/resources/planter-maintenance-guide,https://www.precisionplanting.com/resources;https://www.precisionplanting.com/products
Article (Rewritten),https://ptxtrimble.com/en/blog/how-ai-is-sowing-seeds-of-revolution,how-ai-is-sowing-seeds-of-revolution,How AI Is Sowing Seeds Of Revolution,How AI Is Sowing Seeds Of Revolution | Local Insights & How-To | [Dealer Name],"Actionable, dealer-written take on how ai is sowing seeds of revolution—with steps, KPIs, and links to Precision Planting resources.","how, ai, is, sowing, seeds, of, revolution, precision agriculture, farm technology, ptx trimble",Autonomy & AI,"https://source.unsplash.com/1600x900/?how+sowing+seeds+revolution,farm",How AI Is Sowing Seeds Of Revolution — agriculture scene,"<!-- rewritten from https://ptxtrimble.com/en/blog/how-ai-is-sowing-seeds-of-revolution -->
<section class=""intro"">
  <p class=""eyebrow"">Autonomy & AI</p>
  <h1>How AI Is Sowing Seeds Of Revolution — Dealer Insights</h1>
  <p>How AI Is Sowing Seeds Of Revolution: practical insights and step-by-step actions for growers, with a local dealer perspective.</p>
</section>

<section id=""key-points"">
  <h2>Key Takeaways</h2>
  <ul>
    <li>Why it matters: clear benefits to uptime, accuracy, and profitability.</li>
    <li>What to watch: common mistakes we fix during audits.</li>
    <li>How to implement: practical steps with measurable KPIs.</li>
  </ul>
</section>

<section id=""implementation"">
  <h2>Implementation Playbook</h2>
  <ol><li>On‑farm assessment of equipment, software, and data flows</li><li>Targeted upgrades or calibrations that move the KPI needle</li><li>Display and cloud setup with role‑based workflows</li><li>Field validation pass and tweaks under real conditions</li><li>Season review and continuous improvement plan</li></ol>
</section>

<section id=""local-perspective"">
  <h2>Local Perspective</h2>
  <p>Conditions vary by soil, residue, and weather. We tailor settings and workflows for your fields, your implements, and your team—so the tech does the work, not you.</p>
</section>

<section id=""links"">
  <h2>Helpful Links</h2>
  <h3>Internal</h3>
  <ul><li><a href='/contact'>/contact</a></li><li><a href='/services/precision-ag'>/services/precision-ag</a></li><li><a href='/resources/planter-maintenance-guide'>/resources/planter-maintenance-guide</a></li></ul>
  <h3>External (Precision Planting)</h3>
  <ul><li><a href='https://www.precisionplanting.com/resources' rel='noopener nofollow'>https://www.precisionplanting.com/resources</a></li><li><a href='https://www.precisionplanting.com/products' rel='noopener nofollow'>https://www.precisionplanting.com/products</a></li></ul>
</section>

<section id=""faq"">
  <h2>FAQ</h2>
  <div class='faq'><h3>Will this work on mixed equipment?</h3><p>Yes. We support multi-brand displays and ISOBUS so your existing fleet can be integrated.</p></div><div class='faq'><h3>How soon can I see ROI?</h3><p>Most farms see measurable gains within a season once guidance, application, and data workflows are aligned.</p></div><div class='faq'><h3>Do you offer in-field setup?</h3><p>Yes. We provide audit, install, calibration, and a follow‑up validation pass in season.</p></div>
</section>

<script type=""application/ld+json"">
{
  ""@context"": ""https://schema.org"",
  ""@type"": ""Article"",
  ""headline"": ""How AI Is Sowing Seeds Of Revolution"",
  ""about"": [
    ""Autonomy & AI""
  ],
  ""isBasedOn"": ""https://ptxtrimble.com/en/blog/how-ai-is-sowing-seeds-of-revolution"",
  ""datePublished"": ""2025-08-19"",
  ""author"": {
    ""@type"": ""Organization"",
    ""name"": ""[Dealer Name]""
  },
  ""publisher"": {
    ""@type"": ""Organization"",
    ""name"": ""[Dealer Name]""
  },
  ""mainEntityOfPage"": ""/resources/how-ai-is-sowing-seeds-of-revolution.html"",
  ""keywords"": ""Autonomy & AI""
}
</script>
",/contact;/services/precision-ag;/resources/planter-maintenance-guide,https://www.precisionplanting.com/resources;https://www.precisionplanting.com/products
Article (Rewritten),https://ptxtrimble.com/en/blog/reality-check-busting-the-enduring-myths-about-precision-agriculture,reality-check-busting-the-enduring-myths-about-precision-agriculture,Reality Check Busting The Enduring Myths About Precision Agriculture,Reality Check Busting The Enduring Myths About Precision Agriculture | Local Insights & How-To | [Dealer Name],"Actionable, dealer-written take on reality check busting the enduring myths about precision agriculture—with steps, KPIs, and links to Precision Planting resources.","reality, check, busting, the, enduring, myths, about, precision, agriculture, precision agriculture, farm technology, ptx trimble",Precision Ag Strategy,"https://source.unsplash.com/1600x900/?reality+check+busting+the+enduring,farm",Reality Check Busting The Enduring Myths About Precision Agriculture — agriculture scene,"<!-- rewritten from https://ptxtrimble.com/en/blog/reality-check-busting-the-enduring-myths-about-precision-agriculture -->
<section class=""intro"">
  <p class=""eyebrow"">Precision Ag Strategy</p>
  <h1>Reality Check Busting The Enduring Myths About Precision Agriculture — Dealer Insights</h1>
  <p>Reality Check Busting The Enduring Myths About Precision Agriculture: practical insights and step-by-step actions for growers, with a local dealer perspective.</p>
</section>

<section id=""key-points"">
  <h2>Key Takeaways</h2>
  <ul>
    <li>Why it matters: clear benefits to uptime, accuracy, and profitability.</li>
    <li>What to watch: common mistakes we fix during audits.</li>
    <li>How to implement: practical steps with measurable KPIs.</li>
  </ul>
</section>

<section id=""implementation"">
  <h2>Implementation Playbook</h2>
  <ol><li>On‑farm assessment of equipment, software, and data flows</li><li>Targeted upgrades or calibrations that move the KPI needle</li><li>Display and cloud setup with role‑based workflows</li><li>Field validation pass and tweaks under real conditions</li><li>Season review and continuous improvement plan</li></ol>
</section>

<section id=""local-perspective"">
  <h2>Local Perspective</h2>
  <p>Conditions vary by soil, residue, and weather. We tailor settings and workflows for your fields, your implements, and your team—so the tech does the work, not you.</p>
</section>

<section id=""links"">
  <h2>Helpful Links</h2>
  <h3>Internal</h3>
  <ul><li><a href='/contact'>/contact</a></li><li><a href='/services/precision-ag'>/services/precision-ag</a></li><li><a href='/resources/planter-maintenance-guide'>/resources/planter-maintenance-guide</a></li></ul>
  <h3>External (Precision Planting)</h3>
  <ul><li><a href='https://www.precisionplanting.com/resources' rel='noopener nofollow'>https://www.precisionplanting.com/resources</a></li><li><a href='https://www.precisionplanting.com/products' rel='noopener nofollow'>https://www.precisionplanting.com/products</a></li></ul>
</section>

<section id=""faq"">
  <h2>FAQ</h2>
  <div class='faq'><h3>Will this work on mixed equipment?</h3><p>Yes. We support multi-brand displays and ISOBUS so your existing fleet can be integrated.</p></div><div class='faq'><h3>How soon can I see ROI?</h3><p>Most farms see measurable gains within a season once guidance, application, and data workflows are aligned.</p></div><div class='faq'><h3>Do you offer in-field setup?</h3><p>Yes. We provide audit, install, calibration, and a follow‑up validation pass in season.</p></div>
</section>

<script type=""application/ld+json"">
{
  ""@context"": ""https://schema.org"",
  ""@type"": ""Article"",
  ""headline"": ""Reality Check Busting The Enduring Myths About Precision Agriculture"",
  ""about"": [
    ""Precision Ag Strategy""
  ],
  ""isBasedOn"": ""https://ptxtrimble.com/en/blog/reality-check-busting-the-enduring-myths-about-precision-agriculture"",
  ""datePublished"": ""2025-08-19"",
  ""author"": {
    ""@type"": ""Organization"",
    ""name"": ""[Dealer Name]""
  },
  ""publisher"": {
    ""@type"": ""Organization"",
    ""name"": ""[Dealer Name]""
  },
  ""mainEntityOfPage"": ""/resources/reality-check-busting-the-enduring-myths-about-precision-agriculture.html"",
  ""keywords"": ""Precision Ag Strategy""
}
</script>
",/contact;/services/precision-ag;/resources/planter-maintenance-guide,https://www.precisionplanting.com/resources;https://www.precisionplanting.com/products
Article (Rewritten),https://ptxtrimble.com/en/blog/hands-on-learning-in-ag-education-positions-students-for-coveted-roles,hands-on-learning-in-ag-education-positions-students-for-coveted-roles,Hands On Learning In Ag Education Positions Students For Coveted Roles,Hands On Learning In Ag Education Positions Students For Coveted Roles | Local Insights & How-To | [Dealer Name],"Actionable, dealer-written take on hands on learning in ag education positions students for coveted roles—with steps, KPIs, and links to Precision Planting resources.","hands, on, learning, in, ag, education, positions, students, for, coveted, roles, precision agriculture",Precision Ag Strategy,"https://source.unsplash.com/1600x900/?hands+learning+education+positions+students,farm",Hands On Learning In Ag Education Positions Students For Coveted Roles — agriculture scene,"<!-- rewritten from https://ptxtrimble.com/en/blog/hands-on-learning-in-ag-education-positions-students-for-coveted-roles -->
<section class=""intro"">
  <p class=""eyebrow"">Precision Ag Strategy</p>
  <h1>Hands On Learning In Ag Education Positions Students For Coveted Roles — Dealer Insights</h1>
  <p>Hands On Learning In Ag Education Positions Students For Coveted Roles: practical insights and step-by-step actions for growers, with a local dealer perspective.</p>
</section>

<section id=""key-points"">
  <h2>Key Takeaways</h2>
  <ul>
    <li>Why it matters: clear benefits to uptime, accuracy, and profitability.</li>
    <li>What to watch: common mistakes we fix during audits.</li>
    <li>How to implement: practical steps with measurable KPIs.</li>
  </ul>
</section>

<section id=""implementation"">
  <h2>Implementation Playbook</h2>
  <ol><li>On‑farm assessment of equipment, software, and data flows</li><li>Targeted upgrades or calibrations that move the KPI needle</li><li>Display and cloud setup with role‑based workflows</li><li>Field validation pass and tweaks under real conditions</li><li>Season review and continuous improvement plan</li></ol>
</section>

<section id=""local-perspective"">
  <h2>Local Perspective</h2>
  <p>Conditions vary by soil, residue, and weather. We tailor settings and workflows for your fields, your implements, and your team—so the tech does the work, not you.</p>
</section>

<section id=""links"">
  <h2>Helpful Links</h2>
  <h3>Internal</h3>
  <ul><li><a href='/contact'>/contact</a></li><li><a href='/services/precision-ag'>/services/precision-ag</a></li><li><a href='/resources/planter-maintenance-guide'>/resources/planter-maintenance-guide</a></li></ul>
  <h3>External (Precision Planting)</h3>
  <ul><li><a href='https://www.precisionplanting.com/resources' rel='noopener nofollow'>https://www.precisionplanting.com/resources</a></li><li><a href='https://www.precisionplanting.com/products' rel='noopener nofollow'>https://www.precisionplanting.com/products</a></li></ul>
</section>

<section id=""faq"">
  <h2>FAQ</h2>
  <div class='faq'><h3>Will this work on mixed equipment?</h3><p>Yes. We support multi-brand displays and ISOBUS so your existing fleet can be integrated.</p></div><div class='faq'><h3>How soon can I see ROI?</h3><p>Most farms see measurable gains within a season once guidance, application, and data workflows are aligned.</p></div><div class='faq'><h3>Do you offer in-field setup?</h3><p>Yes. We provide audit, install, calibration, and a follow‑up validation pass in season.</p></div>
</section>

<script type=""application/ld+json"">
{
  ""@context"": ""https://schema.org"",
  ""@type"": ""Article"",
  ""headline"": ""Hands On Learning In Ag Education Positions Students For Coveted Roles"",
  ""about"": [
    ""Precision Ag Strategy""
  ],
  ""isBasedOn"": ""https://ptxtrimble.com/en/blog/hands-on-learning-in-ag-education-positions-students-for-coveted-roles"",
  ""datePublished"": ""2025-08-19"",
  ""author"": {
    ""@type"": ""Organization"",
    ""name"": ""[Dealer Name]""
  },
  ""publisher"": {
    ""@type"": ""Organization"",
    ""name"": ""[Dealer Name]""
  },
  ""mainEntityOfPage"": ""/resources/hands-on-learning-in-ag-education-positions-students-for-coveted-roles.html"",
  ""keywords"": ""Precision Ag Strategy""
}
</script>
",/contact;/services/precision-ag;/resources/planter-maintenance-guide,https://www.precisionplanting.com/resources;https://www.precisionplanting.com/products
Article (Rewritten),https://ptxtrimble.com/en/blog/farmer-checklist-quick-tips-on-choosing-the-best-smart-spraying-system-for-your-operation,farmer-checklist-quick-tips-on-choosing-the-best-smart-spraying-system-for-your-operation,Farmer Checklist Quick Tips On Choosing The Best Smart Spraying System For Your Operation,Farmer Checklist Quick Tips On Choosing The Best Smart Spraying System For Your Operation | Local Insights & How-To | [Dealer Name],"Actionable, dealer-written take on farmer checklist quick tips on choosing the best smart spraying system for your operation—with steps, KPIs, and links to Precision Planting resources.","farmer, checklist, quick, tips, on, choosing, the, best, smart, spraying, system, for",Spraying & Crop Protection,"https://source.unsplash.com/1600x900/?farmer+checklist+quick+tips+choosing,farm",Farmer Checklist Quick Tips On Choosing The Best Smart Spraying System For Your Operation — agriculture scene,"<!-- rewritten from https://ptxtrimble.com/en/blog/farmer-checklist-quick-tips-on-choosing-the-best-smart-spraying-system-for-your-operation -->
<section class=""intro"">
  <p class=""eyebrow"">Spraying & Crop Protection</p>
  <h1>Farmer Checklist Quick Tips On Choosing The Best Smart Spraying System For Your Operation — Dealer Insights</h1>
  <p>Farmer Checklist Quick Tips On Choosing The Best Smart Spraying System For Your Operation: practical insights and step-by-step actions for growers, with a local dealer perspective.</p>
</section>

<section id=""key-points"">
  <h2>Key Takeaways</h2>
  <ul>
    <li>Why it matters: clear benefits to uptime, accuracy, and profitability.</li>
    <li>What to watch: common mistakes we fix during audits.</li>
    <li>How to implement: practical steps with measurable KPIs.</li>
  </ul>
</section>

<section id=""implementation"">
  <h2>Implementation Playbook</h2>
  <ol><li>On‑farm assessment of equipment, software, and data flows</li><li>Targeted upgrades or calibrations that move the KPI needle</li><li>Display and cloud setup with role‑based workflows</li><li>Field validation pass and tweaks under real conditions</li><li>Season review and continuous improvement plan</li></ol>
</section>

<section id=""local-perspective"">
  <h2>Local Perspective</h2>
  <p>Conditions vary by soil, residue, and weather. We tailor settings and workflows for your fields, your implements, and your team—so the tech does the work, not you.</p>
</section>

<section id=""links"">
  <h2>Helpful Links</h2>
  <h3>Internal</h3>
  <ul><li><a href='/contact'>/contact</a></li><li><a href='/services/precision-ag'>/services/precision-ag</a></li><li><a href='/resources/planter-maintenance-guide'>/resources/planter-maintenance-guide</a></li></ul>
  <h3>External (Precision Planting)</h3>
  <ul><li><a href='https://www.precisionplanting.com/resources' rel='noopener nofollow'>https://www.precisionplanting.com/resources</a></li><li><a href='https://www.precisionplanting.com/products' rel='noopener nofollow'>https://www.precisionplanting.com/products</a></li></ul>
</section>

<section id=""faq"">
  <h2>FAQ</h2>
  <div class='faq'><h3>Will this work on mixed equipment?</h3><p>Yes. We support multi-brand displays and ISOBUS so your existing fleet can be integrated.</p></div><div class='faq'><h3>How soon can I see ROI?</h3><p>Most farms see measurable gains within a season once guidance, application, and data workflows are aligned.</p></div><div class='faq'><h3>Do you offer in-field setup?</h3><p>Yes. We provide audit, install, calibration, and a follow‑up validation pass in season.</p></div>
</section>

<script type=""application/ld+json"">
{
  ""@context"": ""https://schema.org"",
  ""@type"": ""Article"",
  ""headline"": ""Farmer Checklist Quick Tips On Choosing The Best Smart Spraying System For Your Operation"",
  ""about"": [
    ""Spraying & Crop Protection""
  ],
  ""isBasedOn"": ""https://ptxtrimble.com/en/blog/farmer-checklist-quick-tips-on-choosing-the-best-smart-spraying-system-for-your-operation"",
  ""datePublished"": ""2025-08-19"",
  ""author"": {
    ""@type"": ""Organization"",
    ""name"": ""[Dealer Name]""
  },
  ""publisher"": {
    ""@type"": ""Organization"",
    ""name"": ""[Dealer Name]""
  },
  ""mainEntityOfPage"": ""/resources/farmer-checklist-quick-tips-on-choosing-the-best-smart-spraying-system-for-your-operation.html"",
  ""keywords"": ""Spraying & Crop Protection""
}
</script>
",/contact;/services/precision-ag;/resources/planter-maintenance-guide,https://www.precisionplanting.com/resources;https://www.precisionplanting.com/products
Article (Rewritten),https://ptxtrimble.com/en/blog/tips-for-weathering-the-storms-of-2024,tips-for-weathering-the-storms-of-2024,Tips For Weathering The Storms Of 2024,Tips For Weathering The Storms Of 2024 | Local Insights & How-To | [Dealer Name],"Actionable, dealer-written take on tips for weathering the storms of 2024—with steps, KPIs, and links to Precision Planting resources.","tips, for, weathering, the, storms, of, 2024, precision agriculture, farm technology, ptx trimble",Precision Ag Strategy,"https://source.unsplash.com/1600x900/?tips+for+weathering+the+storms,farm",Tips For Weathering The Storms Of 2024 — agriculture scene,"<!-- rewritten from https://ptxtrimble.com/en/blog/tips-for-weathering-the-storms-of-2024 -->
<section class=""intro"">
  <p class=""eyebrow"">Precision Ag Strategy</p>
  <h1>Tips For Weathering The Storms Of 2024 — Dealer Insights</h1>
  <p>Tips For Weathering The Storms Of 2024: practical insights and step-by-step actions for growers, with a local dealer perspective.</p>
</section>

<section id=""key-points"">
  <h2>Key Takeaways</h2>
  <ul>
    <li>Why it matters: clear benefits to uptime, accuracy, and profitability.</li>
    <li>What to watch: common mistakes we fix during audits.</li>
    <li>How to implement: practical steps with measurable KPIs.</li>
  </ul>
</section>

<section id=""implementation"">
  <h2>Implementation Playbook</h2>
  <ol><li>On‑farm assessment of equipment, software, and data flows</li><li>Targeted upgrades or calibrations that move the KPI needle</li><li>Display and cloud setup with role‑based workflows</li><li>Field validation pass and tweaks under real conditions</li><li>Season review and continuous improvement plan</li></ol>
</section>

<section id=""local-perspective"">
  <h2>Local Perspective</h2>
  <p>Conditions vary by soil, residue, and weather. We tailor settings and workflows for your fields, your implements, and your team—so the tech does the work, not you.</p>
</section>

<section id=""links"">
  <h2>Helpful Links</h2>
  <h3>Internal</h3>
  <ul><li><a href='/contact'>/contact</a></li><li><a href='/services/precision-ag'>/services/precision-ag</a></li><li><a href='/resources/planter-maintenance-guide'>/resources/planter-maintenance-guide</a></li></ul>
  <h3>External (Precision Planting)</h3>
  <ul><li><a href='https://www.precisionplanting.com/resources' rel='noopener nofollow'>https://www.precisionplanting.com/resources</a></li><li><a href='https://www.precisionplanting.com/products' rel='noopener nofollow'>https://www.precisionplanting.com/products</a></li></ul>
</section>

<section id=""faq"">
  <h2>FAQ</h2>
  <div class='faq'><h3>Will this work on mixed equipment?</h3><p>Yes. We support multi-brand displays and ISOBUS so your existing fleet can be integrated.</p></div><div class='faq'><h3>How soon can I see ROI?</h3><p>Most farms see measurable gains within a season once guidance, application, and data workflows are aligned.</p></div><div class='faq'><h3>Do you offer in-field setup?</h3><p>Yes. We provide audit, install, calibration, and a follow‑up validation pass in season.</p></div>
</section>

<script type=""application/ld+json"">
{
  ""@context"": ""https://schema.org"",
  ""@type"": ""Article"",
  ""headline"": ""Tips For Weathering The Storms Of 2024"",
  ""about"": [
    ""Precision Ag Strategy""
  ],
  ""isBasedOn"": ""https://ptxtrimble.com/en/blog/tips-for-weathering-the-storms-of-2024"",
  ""datePublished"": ""2025-08-19"",
  ""author"": {
    ""@type"": ""Organization"",
    ""name"": ""[Dealer Name]""
  },
  ""publisher"": {
    ""@type"": ""Organization"",
    ""name"": ""[Dealer Name]""
  },
  ""mainEntityOfPage"": ""/resources/tips-for-weathering-the-storms-of-2024.html"",
  ""keywords"": ""Precision Ag Strategy""
}
</script>
",/contact;/services/precision-ag;/resources/planter-maintenance-guide,https://www.precisionplanting.com/resources;https://www.precisionplanting.com/products
Article (Rewritten),https://ptxtrimble.com/en/blog/expanding-scope-of-emissions-reductions-in-agriculture,expanding-scope-of-emissions-reductions-in-agriculture,Expanding Scope Of Emissions Reductions In Agriculture,Expanding Scope Of Emissions Reductions In Agriculture | Local Insights & How-To | [Dealer Name],"Actionable, dealer-written take on expanding scope of emissions reductions in agriculture—with steps, KPIs, and links to Precision Planting resources.","expanding, scope, of, emissions, reductions, in, agriculture, precision agriculture, farm technology, ptx trimble",Sustainability & Carbon,"https://source.unsplash.com/1600x900/?expanding+scope+emissions+reductions+agriculture,farm",Expanding Scope Of Emissions Reductions In Agriculture — agriculture scene,"<!-- rewritten from https://ptxtrimble.com/en/blog/expanding-scope-of-emissions-reductions-in-agriculture -->
<section class=""intro"">
  <p class=""eyebrow"">Sustainability & Carbon</p>
  <h1>Expanding Scope Of Emissions Reductions In Agriculture — Dealer Insights</h1>
  <p>Expanding Scope Of Emissions Reductions In Agriculture: practical insights and step-by-step actions for growers, with a local dealer perspective.</p>
</section>

<section id=""key-points"">
  <h2>Key Takeaways</h2>
  <ul>
    <li>Why it matters: clear benefits to uptime, accuracy, and profitability.</li>
    <li>What to watch: common mistakes we fix during audits.</li>
    <li>How to implement: practical steps with measurable KPIs.</li>
  </ul>
</section>

<section id=""implementation"">
  <h2>Implementation Playbook</h2>
  <ol><li>On‑farm assessment of equipment, software, and data flows</li><li>Targeted upgrades or calibrations that move the KPI needle</li><li>Display and cloud setup with role‑based workflows</li><li>Field validation pass and tweaks under real conditions</li><li>Season review and continuous improvement plan</li></ol>
</section>

<section id=""local-perspective"">
  <h2>Local Perspective</h2>
  <p>Conditions vary by soil, residue, and weather. We tailor settings and workflows for your fields, your implements, and your team—so the tech does the work, not you.</p>
</section>

<section id=""links"">
  <h2>Helpful Links</h2>
  <h3>Internal</h3>
  <ul><li><a href='/contact'>/contact</a></li><li><a href='/services/precision-ag'>/services/precision-ag</a></li><li><a href='/resources/planter-maintenance-guide'>/resources/planter-maintenance-guide</a></li></ul>
  <h3>External (Precision Planting)</h3>
  <ul><li><a href='https://www.precisionplanting.com/resources' rel='noopener nofollow'>https://www.precisionplanting.com/resources</a></li><li><a href='https://www.precisionplanting.com/products' rel='noopener nofollow'>https://www.precisionplanting.com/products</a></li></ul>
</section>

<section id=""faq"">
  <h2>FAQ</h2>
  <div class='faq'><h3>Will this work on mixed equipment?</h3><p>Yes. We support multi-brand displays and ISOBUS so your existing fleet can be integrated.</p></div><div class='faq'><h3>How soon can I see ROI?</h3><p>Most farms see measurable gains within a season once guidance, application, and data workflows are aligned.</p></div><div class='faq'><h3>Do you offer in-field setup?</h3><p>Yes. We provide audit, install, calibration, and a follow‑up validation pass in season.</p></div>
</section>

<script type=""application/ld+json"">
{
  ""@context"": ""https://schema.org"",
  ""@type"": ""Article"",
  ""headline"": ""Expanding Scope Of Emissions Reductions In Agriculture"",
  ""about"": [
    ""Sustainability & Carbon""
  ],
  ""isBasedOn"": ""https://ptxtrimble.com/en/blog/expanding-scope-of-emissions-reductions-in-agriculture"",
  ""datePublished"": ""2025-08-19"",
  ""author"": {
    ""@type"": ""Organization"",
    ""name"": ""[Dealer Name]""
  },
  ""publisher"": {
    ""@type"": ""Organization"",
    ""name"": ""[Dealer Name]""
  },
  ""mainEntityOfPage"": ""/resources/expanding-scope-of-emissions-reductions-in-agriculture.html"",
  ""keywords"": ""Sustainability & Carbon""
}
</script>
",/contact;/services/precision-ag;/resources/planter-maintenance-guide,https://www.precisionplanting.com/resources;https://www.precisionplanting.com/products
Article (Rewritten),https://ptxtrimble.com/en/blog/future-of-crop-protection-ai-plant-level-spraying,future-of-crop-protection-ai-plant-level-spraying,Future Of Crop Protection AI Plant Level Spraying,Future Of Crop Protection AI Plant Level Spraying | Local Insights & How-To | [Dealer Name],"Actionable, dealer-written take on future of crop protection ai plant level spraying—with steps, KPIs, and links to Precision Planting resources.","future, of, crop, protection, ai, plant, level, spraying, precision agriculture, farm technology, ptx trimble","Spraying & Crop Protection, Autonomy & AI","https://source.unsplash.com/1600x900/?future+crop+protection+plant+level,farm",Future Of Crop Protection AI Plant Level Spraying — agriculture scene,"<!-- rewritten from https://ptxtrimble.com/en/blog/future-of-crop-protection-ai-plant-level-spraying -->
<section class=""intro"">
  <p class=""eyebrow"">Spraying & Crop Protection, Autonomy & AI</p>
  <h1>Future Of Crop Protection AI Plant Level Spraying — Dealer Insights</h1>
  <p>Future Of Crop Protection AI Plant Level Spraying: practical insights and step-by-step actions for growers, with a local dealer perspective.</p>
</section>

<section id=""key-points"">
  <h2>Key Takeaways</h2>
  <ul>
    <li>Why it matters: clear benefits to uptime, accuracy, and profitability.</li>
    <li>What to watch: common mistakes we fix during audits.</li>
    <li>How to implement: practical steps with measurable KPIs.</li>
  </ul>
</section>

<section id=""implementation"">
  <h2>Implementation Playbook</h2>
  <ol><li>On‑farm assessment of equipment, software, and data flows</li><li>Targeted upgrades or calibrations that move the KPI needle</li><li>Display and cloud setup with role‑based workflows</li><li>Field validation pass and tweaks under real conditions</li><li>Season review and continuous improvement plan</li></ol>
</section>

<section id=""local-perspective"">
  <h2>Local Perspective</h2>
  <p>Conditions vary by soil, residue, and weather. We tailor settings and workflows for your fields, your implements, and your team—so the tech does the work, not you.</p>
</section>

<section id=""links"">
  <h2>Helpful Links</h2>
  <h3>Internal</h3>
  <ul><li><a href='/contact'>/contact</a></li><li><a href='/services/precision-ag'>/services/precision-ag</a></li><li><a href='/resources/planter-maintenance-guide'>/resources/planter-maintenance-guide</a></li></ul>
  <h3>External (Precision Planting)</h3>
  <ul><li><a href='https://www.precisionplanting.com/resources' rel='noopener nofollow'>https://www.precisionplanting.com/resources</a></li><li><a href='https://www.precisionplanting.com/products' rel='noopener nofollow'>https://www.precisionplanting.com/products</a></li></ul>
</section>

<section id=""faq"">
  <h2>FAQ</h2>
  <div class='faq'><h3>Will this work on mixed equipment?</h3><p>Yes. We support multi-brand displays and ISOBUS so your existing fleet can be integrated.</p></div><div class='faq'><h3>How soon can I see ROI?</h3><p>Most farms see measurable gains within a season once guidance, application, and data workflows are aligned.</p></div><div class='faq'><h3>Do you offer in-field setup?</h3><p>Yes. We provide audit, install, calibration, and a follow‑up validation pass in season.</p></div>
</section>

<script type=""application/ld+json"">
{
  ""@context"": ""https://schema.org"",
  ""@type"": ""Article"",
  ""headline"": ""Future Of Crop Protection AI Plant Level Spraying"",
  ""about"": [
    ""Spraying & Crop Protection"",
    ""Autonomy & AI""
  ],
  ""isBasedOn"": ""https://ptxtrimble.com/en/blog/future-of-crop-protection-ai-plant-level-spraying"",
  ""datePublished"": ""2025-08-19"",
  ""author"": {
    ""@type"": ""Organization"",
    ""name"": ""[Dealer Name]""
  },
  ""publisher"": {
    ""@type"": ""Organization"",
    ""name"": ""[Dealer Name]""
  },
  ""mainEntityOfPage"": ""/resources/future-of-crop-protection-ai-plant-level-spraying.html"",
  ""keywords"": ""Spraying & Crop Protection, Autonomy & AI""
}
</script>
",/contact;/services/precision-ag;/resources/planter-maintenance-guide,https://www.precisionplanting.com/resources;https://www.precisionplanting.com/products
Article (Rewritten),https://ptxtrimble.com/en/blog/new-collar-jobs-pave-the-way-for-agricultures-workforce-of-the-future,new-collar-jobs-pave-the-way-for-agricultures-workforce-of-the-future,New Collar Jobs Pave The Way For Agricultures Workforce Of The Future,New Collar Jobs Pave The Way For Agricultures Workforce Of The Future | Local Insights & How-To | [Dealer Name],"Actionable, dealer-written take on new collar jobs pave the way for agricultures workforce of the future—with steps, KPIs, and links to Precision Planting resources.","new, collar, jobs, pave, the, way, for, agricultures, workforce, of, future, precision agriculture",Precision Ag Strategy,"https://source.unsplash.com/1600x900/?new+collar+jobs+pave+the,farm",New Collar Jobs Pave The Way For Agricultures Workforce Of The Future — agriculture scene,"<!-- rewritten from https://ptxtrimble.com/en/blog/new-collar-jobs-pave-the-way-for-agricultures-workforce-of-the-future -->
<section class=""intro"">
  <p class=""eyebrow"">Precision Ag Strategy</p>
  <h1>New Collar Jobs Pave The Way For Agricultures Workforce Of The Future — Dealer Insights</h1>
  <p>New Collar Jobs Pave The Way For Agricultures Workforce Of The Future: practical insights and step-by-step actions for growers, with a local dealer perspective.</p>
</section>

<section id=""key-points"">
  <h2>Key Takeaways</h2>
  <ul>
    <li>Why it matters: clear benefits to uptime, accuracy, and profitability.</li>
    <li>What to watch: common mistakes we fix during audits.</li>
    <li>How to implement: practical steps with measurable KPIs.</li>
  </ul>
</section>

<section id=""implementation"">
  <h2>Implementation Playbook</h2>
  <ol><li>On‑farm assessment of equipment, software, and data flows</li><li>Targeted upgrades or calibrations that move the KPI needle</li><li>Display and cloud setup with role‑based workflows</li><li>Field validation pass and tweaks under real conditions</li><li>Season review and continuous improvement plan</li></ol>
</section>

<section id=""local-perspective"">
  <h2>Local Perspective</h2>
  <p>Conditions vary by soil, residue, and weather. We tailor settings and workflows for your fields, your implements, and your team—so the tech does the work, not you.</p>
</section>

<section id=""links"">
  <h2>Helpful Links</h2>
  <h3>Internal</h3>
  <ul><li><a href='/contact'>/contact</a></li><li><a href='/services/precision-ag'>/services/precision-ag</a></li><li><a href='/resources/planter-maintenance-guide'>/resources/planter-maintenance-guide</a></li></ul>
  <h3>External (Precision Planting)</h3>
  <ul><li><a href='https://www.precisionplanting.com/resources' rel='noopener nofollow'>https://www.precisionplanting.com/resources</a></li><li><a href='https://www.precisionplanting.com/products' rel='noopener nofollow'>https://www.precisionplanting.com/products</a></li></ul>
</section>

<section id=""faq"">
  <h2>FAQ</h2>
  <div class='faq'><h3>Will this work on mixed equipment?</h3><p>Yes. We support multi-brand displays and ISOBUS so your existing fleet can be integrated.</p></div><div class='faq'><h3>How soon can I see ROI?</h3><p>Most farms see measurable gains within a season once guidance, application, and data workflows are aligned.</p></div><div class='faq'><h3>Do you offer in-field setup?</h3><p>Yes. We provide audit, install, calibration, and a follow‑up validation pass in season.</p></div>
</section>

<script type=""application/ld+json"">
{
  ""@context"": ""https://schema.org"",
  ""@type"": ""Article"",
  ""headline"": ""New Collar Jobs Pave The Way For Agricultures Workforce Of The Future"",
  ""about"": [
    ""Precision Ag Strategy""
  ],
  ""isBasedOn"": ""https://ptxtrimble.com/en/blog/new-collar-jobs-pave-the-way-for-agricultures-workforce-of-the-future"",
  ""datePublished"": ""2025-08-19"",
  ""author"": {
    ""@type"": ""Organization"",
    ""name"": ""[Dealer Name]""
  },
  ""publisher"": {
    ""@type"": ""Organization"",
    ""name"": ""[Dealer Name]""
  },
  ""mainEntityOfPage"": ""/resources/new-collar-jobs-pave-the-way-for-agricultures-workforce-of-the-future.html"",
  ""keywords"": ""Precision Ag Strategy""
}
</script>
",/contact;/services/precision-ag;/resources/planter-maintenance-guide,https://www.precisionplanting.com/resources;https://www.precisionplanting.com/products
Article (Rewritten),https://ptxtrimble.com/en/blog/soil-health-matters-so-does-tracking-the-data-to-prove-it,soil-health-matters-so-does-tracking-the-data-to-prove-it,Soil Health Matters So Does Tracking The Data To Prove It,Soil Health Matters So Does Tracking The Data To Prove It | Local Insights & How-To | [Dealer Name],"Actionable, dealer-written take on soil health matters so does tracking the data to prove it—with steps, KPIs, and links to Precision Planting resources.","soil, health, matters, so, does, tracking, the, data, to, prove, it, precision agriculture","Data Management & Displays, Soil & Nutrition","https://source.unsplash.com/1600x900/?soil+health+matters+does+tracking,farm",Soil Health Matters So Does Tracking The Data To Prove It — agriculture scene,"<!-- rewritten from https://ptxtrimble.com/en/blog/soil-health-matters-so-does-tracking-the-data-to-prove-it -->
<section class=""intro"">
  <p class=""eyebrow"">Data Management & Displays, Soil & Nutrition</p>
  <h1>Soil Health Matters So Does Tracking The Data To Prove It — Dealer Insights</h1>
  <p>Soil Health Matters So Does Tracking The Data To Prove It: practical insights and step-by-step actions for growers, with a local dealer perspective.</p>
</section>

<section id=""key-points"">
  <h2>Key Takeaways</h2>
  <ul>
    <li>Why it matters: clear benefits to uptime, accuracy, and profitability.</li>
    <li>What to watch: common mistakes we fix during audits.</li>
    <li>How to implement: practical steps with measurable KPIs.</li>
  </ul>
</section>

<section id=""implementation"">
  <h2>Implementation Playbook</h2>
  <ol><li>On‑farm assessment of equipment, software, and data flows</li><li>Targeted upgrades or calibrations that move the KPI needle</li><li>Display and cloud setup with role‑based workflows</li><li>Field validation pass and tweaks under real conditions</li><li>Season review and continuous improvement plan</li></ol>
</section>

<section id=""local-perspective"">
  <h2>Local Perspective</h2>
  <p>Conditions vary by soil, residue, and weather. We tailor settings and workflows for your fields, your implements, and your team—so the tech does the work, not you.</p>
</section>

<section id=""links"">
  <h2>Helpful Links</h2>
  <h3>Internal</h3>
  <ul><li><a href='/contact'>/contact</a></li><li><a href='/services/precision-ag'>/services/precision-ag</a></li><li><a href='/resources/planter-maintenance-guide'>/resources/planter-maintenance-guide</a></li></ul>
  <h3>External (Precision Planting)</h3>
  <ul><li><a href='https://www.precisionplanting.com/resources' rel='noopener nofollow'>https://www.precisionplanting.com/resources</a></li><li><a href='https://www.precisionplanting.com/products' rel='noopener nofollow'>https://www.precisionplanting.com/products</a></li></ul>
</section>

<section id=""faq"">
  <h2>FAQ</h2>
  <div class='faq'><h3>Will this work on mixed equipment?</h3><p>Yes. We support multi-brand displays and ISOBUS so your existing fleet can be integrated.</p></div><div class='faq'><h3>How soon can I see ROI?</h3><p>Most farms see measurable gains within a season once guidance, application, and data workflows are aligned.</p></div><div class='faq'><h3>Do you offer in-field setup?</h3><p>Yes. We provide audit, install, calibration, and a follow‑up validation pass in season.</p></div>
</section>

<script type=""application/ld+json"">
{
  ""@context"": ""https://schema.org"",
  ""@type"": ""Article"",
  ""headline"": ""Soil Health Matters So Does Tracking The Data To Prove It"",
  ""about"": [
    ""Data Management & Displays"",
    ""Soil & Nutrition""
  ],
  ""isBasedOn"": ""https://ptxtrimble.com/en/blog/soil-health-matters-so-does-tracking-the-data-to-prove-it"",
  ""datePublished"": ""2025-08-19"",
  ""author"": {
    ""@type"": ""Organization"",
    ""name"": ""[Dealer Name]""
  },
  ""publisher"": {
    ""@type"": ""Organization"",
    ""name"": ""[Dealer Name]""
  },
  ""mainEntityOfPage"": ""/resources/soil-health-matters-so-does-tracking-the-data-to-prove-it.html"",
  ""keywords"": ""Data Management & Displays, Soil & Nutrition""
}
</script>
",/contact;/services/precision-ag;/resources/planter-maintenance-guide,https://www.precisionplanting.com/resources;https://www.precisionplanting.com/products
Article (Rewritten),https://ptxtrimble.com/en/blog/connecting-the-dots-carbon-markets,connecting-the-dots-carbon-markets,Connecting The Dots Carbon Markets,Connecting The Dots Carbon Markets | Local Insights & How-To | [Dealer Name],"Actionable, dealer-written take on connecting the dots carbon markets—with steps, KPIs, and links to Precision Planting resources.","connecting, the, dots, carbon, markets, precision agriculture, farm technology, ptx trimble",Sustainability & Carbon,"https://source.unsplash.com/1600x900/?connecting+the+dots+carbon+markets,farm",Connecting The Dots Carbon Markets — agriculture scene,"<!-- rewritten from https://ptxtrimble.com/en/blog/connecting-the-dots-carbon-markets -->
<section class=""intro"">
  <p class=""eyebrow"">Sustainability & Carbon</p>
  <h1>Connecting The Dots Carbon Markets — Dealer Insights</h1>
  <p>Connecting The Dots Carbon Markets: practical insights and step-by-step actions for growers, with a local dealer perspective.</p>
</section>

<section id=""key-points"">
  <h2>Key Takeaways</h2>
  <ul>
    <li>Why it matters: clear benefits to uptime, accuracy, and profitability.</li>
    <li>What to watch: common mistakes we fix during audits.</li>
    <li>How to implement: practical steps with measurable KPIs.</li>
  </ul>
</section>

<section id=""implementation"">
  <h2>Implementation Playbook</h2>
  <ol><li>On‑farm assessment of equipment, software, and data flows</li><li>Targeted upgrades or calibrations that move the KPI needle</li><li>Display and cloud setup with role‑based workflows</li><li>Field validation pass and tweaks under real conditions</li><li>Season review and continuous improvement plan</li></ol>
</section>

<section id=""local-perspective"">
  <h2>Local Perspective</h2>
  <p>Conditions vary by soil, residue, and weather. We tailor settings and workflows for your fields, your implements, and your team—so the tech does the work, not you.</p>
</section>

<section id=""links"">
  <h2>Helpful Links</h2>
  <h3>Internal</h3>
  <ul><li><a href='/contact'>/contact</a></li><li><a href='/services/precision-ag'>/services/precision-ag</a></li><li><a href='/resources/planter-maintenance-guide'>/resources/planter-maintenance-guide</a></li></ul>
  <h3>External (Precision Planting)</h3>
  <ul><li><a href='https://www.precisionplanting.com/resources' rel='noopener nofollow'>https://www.precisionplanting.com/resources</a></li><li><a href='https://www.precisionplanting.com/products' rel='noopener nofollow'>https://www.precisionplanting.com/products</a></li></ul>
</section>

<section id=""faq"">
  <h2>FAQ</h2>
  <div class='faq'><h3>Will this work on mixed equipment?</h3><p>Yes. We support multi-brand displays and ISOBUS so your existing fleet can be integrated.</p></div><div class='faq'><h3>How soon can I see ROI?</h3><p>Most farms see measurable gains within a season once guidance, application, and data workflows are aligned.</p></div><div class='faq'><h3>Do you offer in-field setup?</h3><p>Yes. We provide audit, install, calibration, and a follow‑up validation pass in season.</p></div>
</section>

<script type=""application/ld+json"">
{
  ""@context"": ""https://schema.org"",
  ""@type"": ""Article"",
  ""headline"": ""Connecting The Dots Carbon Markets"",
  ""about"": [
    ""Sustainability & Carbon""
  ],
  ""isBasedOn"": ""https://ptxtrimble.com/en/blog/connecting-the-dots-carbon-markets"",
  ""datePublished"": ""2025-08-19"",
  ""author"": {
    ""@type"": ""Organization"",
    ""name"": ""[Dealer Name]""
  },
  ""publisher"": {
    ""@type"": ""Organization"",
    ""name"": ""[Dealer Name]""
  },
  ""mainEntityOfPage"": ""/resources/connecting-the-dots-carbon-markets.html"",
  ""keywords"": ""Sustainability & Carbon""
}
</script>
",/contact;/services/precision-ag;/resources/planter-maintenance-guide,https://www.precisionplanting.com/resources;https://www.precisionplanting.com/products
Article (Rewritten),https://ptxtrimble.com/en/blog/leveraging-connectivity-to-clean-old-data-improve-display-performance,leveraging-connectivity-to-clean-old-data-improve-display-performance,Leveraging Connectivity To Clean Old Data Improve Display Performance,Leveraging Connectivity To Clean Old Data Improve Display Performance | Local Insights & How-To | [Dealer Name],"Actionable, dealer-written take on leveraging connectivity to clean old data improve display performance—with steps, KPIs, and links to Precision Planting resources.","leveraging, connectivity, to, clean, old, data, improve, display, performance, precision agriculture, farm technology, ptx trimble","Data Management & Displays, Fleet & Guidance","https://source.unsplash.com/1600x900/?leveraging+connectivity+clean+old+data,farm",Leveraging Connectivity To Clean Old Data Improve Display Performance — agriculture scene,"<!-- rewritten from https://ptxtrimble.com/en/blog/leveraging-connectivity-to-clean-old-data-improve-display-performance -->
<section class=""intro"">
  <p class=""eyebrow"">Data Management & Displays, Fleet & Guidance</p>
  <h1>Leveraging Connectivity To Clean Old Data Improve Display Performance — Dealer Insights</h1>
  <p>Leveraging Connectivity To Clean Old Data Improve Display Performance: practical insights and step-by-step actions for growers, with a local dealer perspective.</p>
</section>

<section id=""key-points"">
  <h2>Key Takeaways</h2>
  <ul>
    <li>Why it matters: clear benefits to uptime, accuracy, and profitability.</li>
    <li>What to watch: common mistakes we fix during audits.</li>
    <li>How to implement: practical steps with measurable KPIs.</li>
  </ul>
</section>

<section id=""implementation"">
  <h2>Implementation Playbook</h2>
  <ol><li>On‑farm assessment of equipment, software, and data flows</li><li>Targeted upgrades or calibrations that move the KPI needle</li><li>Display and cloud setup with role‑based workflows</li><li>Field validation pass and tweaks under real conditions</li><li>Season review and continuous improvement plan</li></ol>
</section>

<section id=""local-perspective"">
  <h2>Local Perspective</h2>
  <p>Conditions vary by soil, residue, and weather. We tailor settings and workflows for your fields, your implements, and your team—so the tech does the work, not you.</p>
</section>

<section id=""links"">
  <h2>Helpful Links</h2>
  <h3>Internal</h3>
  <ul><li><a href='/contact'>/contact</a></li><li><a href='/services/precision-ag'>/services/precision-ag</a></li><li><a href='/resources/planter-maintenance-guide'>/resources/planter-maintenance-guide</a></li></ul>
  <h3>External (Precision Planting)</h3>
  <ul><li><a href='https://www.precisionplanting.com/resources' rel='noopener nofollow'>https://www.precisionplanting.com/resources</a></li><li><a href='https://www.precisionplanting.com/products' rel='noopener nofollow'>https://www.precisionplanting.com/products</a></li></ul>
</section>

<section id=""faq"">
  <h2>FAQ</h2>
  <div class='faq'><h3>Will this work on mixed equipment?</h3><p>Yes. We support multi-brand displays and ISOBUS so your existing fleet can be integrated.</p></div><div class='faq'><h3>How soon can I see ROI?</h3><p>Most farms see measurable gains within a season once guidance, application, and data workflows are aligned.</p></div><div class='faq'><h3>Do you offer in-field setup?</h3><p>Yes. We provide audit, install, calibration, and a follow‑up validation pass in season.</p></div>
</section>

<script type=""application/ld+json"">
{
  ""@context"": ""https://schema.org"",
  ""@type"": ""Article"",
  ""headline"": ""Leveraging Connectivity To Clean Old Data Improve Display Performance"",
  ""about"": [
    ""Data Management & Displays"",
    ""Fleet & Guidance""
  ],
  ""isBasedOn"": ""https://ptxtrimble.com/en/blog/leveraging-connectivity-to-clean-old-data-improve-display-performance"",
  ""datePublished"": ""2025-08-19"",
  ""author"": {
    ""@type"": ""Organization"",
    ""name"": ""[Dealer Name]""
  },
  ""publisher"": {
    ""@type"": ""Organization"",
    ""name"": ""[Dealer Name]""
  },
  ""mainEntityOfPage"": ""/resources/leveraging-connectivity-to-clean-old-data-improve-display-performance.html"",
  ""keywords"": ""Data Management & Displays, Fleet & Guidance""
}
</script>
",/contact;/services/precision-ag;/resources/planter-maintenance-guide,https://www.precisionplanting.com/resources;https://www.precisionplanting.com/products
Article (Rewritten),https://ptxtrimble.com/en/blog/grow-your-career-in-precision-agriculture,grow-your-career-in-precision-agriculture,Grow Your Career In Precision Agriculture,Grow Your Career In Precision Agriculture | Local Insights & How-To | [Dealer Name],"Actionable, dealer-written take on grow your career in precision agriculture—with steps, KPIs, and links to Precision Planting resources.","grow, your, career, in, precision, agriculture, precision agriculture, farm technology, ptx trimble",Precision Ag Strategy,"https://source.unsplash.com/1600x900/?grow+your+career+precision+agriculture,farm",Grow Your Career In Precision Agriculture — agriculture scene,"<!-- rewritten from https://ptxtrimble.com/en/blog/grow-your-career-in-precision-agriculture -->
<section class=""intro"">
  <p class=""eyebrow"">Precision Ag Strategy</p>
  <h1>Grow Your Career In Precision Agriculture — Dealer Insights</h1>
  <p>Grow Your Career In Precision Agriculture: practical insights and step-by-step actions for growers, with a local dealer perspective.</p>
</section>

<section id=""key-points"">
  <h2>Key Takeaways</h2>
  <ul>
    <li>Why it matters: clear benefits to uptime, accuracy, and profitability.</li>
    <li>What to watch: common mistakes we fix during audits.</li>
    <li>How to implement: practical steps with measurable KPIs.</li>
  </ul>
</section>

<section id=""implementation"">
  <h2>Implementation Playbook</h2>
  <ol><li>On‑farm assessment of equipment, software, and data flows</li><li>Targeted upgrades or calibrations that move the KPI needle</li><li>Display and cloud setup with role‑based workflows</li><li>Field validation pass and tweaks under real conditions</li><li>Season review and continuous improvement plan</li></ol>
</section>

<section id=""local-perspective"">
  <h2>Local Perspective</h2>
  <p>Conditions vary by soil, residue, and weather. We tailor settings and workflows for your fields, your implements, and your team—so the tech does the work, not you.</p>
</section>

<section id=""links"">
  <h2>Helpful Links</h2>
  <h3>Internal</h3>
  <ul><li><a href='/contact'>/contact</a></li><li><a href='/services/precision-ag'>/services/precision-ag</a></li><li><a href='/resources/planter-maintenance-guide'>/resources/planter-maintenance-guide</a></li></ul>
  <h3>External (Precision Planting)</h3>
  <ul><li><a href='https://www.precisionplanting.com/resources' rel='noopener nofollow'>https://www.precisionplanting.com/resources</a></li><li><a href='https://www.precisionplanting.com/products' rel='noopener nofollow'>https://www.precisionplanting.com/products</a></li></ul>
</section>

<section id=""faq"">
  <h2>FAQ</h2>
  <div class='faq'><h3>Will this work on mixed equipment?</h3><p>Yes. We support multi-brand displays and ISOBUS so your existing fleet can be integrated.</p></div><div class='faq'><h3>How soon can I see ROI?</h3><p>Most farms see measurable gains within a season once guidance, application, and data workflows are aligned.</p></div><div class='faq'><h3>Do you offer in-field setup?</h3><p>Yes. We provide audit, install, calibration, and a follow‑up validation pass in season.</p></div>
</section>

<script type=""application/ld+json"">
{
  ""@context"": ""https://schema.org"",
  ""@type"": ""Article"",
  ""headline"": ""Grow Your Career In Precision Agriculture"",
  ""about"": [
    ""Precision Ag Strategy""
  ],
  ""isBasedOn"": ""https://ptxtrimble.com/en/blog/grow-your-career-in-precision-agriculture"",
  ""datePublished"": ""2025-08-19"",
  ""author"": {
    ""@type"": ""Organization"",
    ""name"": ""[Dealer Name]""
  },
  ""publisher"": {
    ""@type"": ""Organization"",
    ""name"": ""[Dealer Name]""
  },
  ""mainEntityOfPage"": ""/resources/grow-your-career-in-precision-agriculture.html"",
  ""keywords"": ""Precision Ag Strategy""
}
</script>
",/contact;/services/precision-ag;/resources/planter-maintenance-guide,https://www.precisionplanting.com/resources;https://www.precisionplanting.com/products
Article (Rewritten),https://ptxtrimble.com/en/blog/dont-cut-corners-on-point-rows,dont-cut-corners-on-point-rows,Dont Cut Corners On Point Rows,Dont Cut Corners On Point Rows | Local Insights & How-To | [Dealer Name],"Actionable, dealer-written take on dont cut corners on point rows—with steps, KPIs, and links to Precision Planting resources.","dont, cut, corners, on, point, rows, precision agriculture, farm technology, ptx trimble",Planting Systems,"https://source.unsplash.com/1600x900/?dont+cut+corners+point+rows,farm",Dont Cut Corners On Point Rows — agriculture scene,"<!-- rewritten from https://ptxtrimble.com/en/blog/dont-cut-corners-on-point-rows -->
<section class=""intro"">
  <p class=""eyebrow"">Planting Systems</p>
  <h1>Dont Cut Corners On Point Rows — Dealer Insights</h1>
  <p>Dont Cut Corners On Point Rows: practical insights and step-by-step actions for growers, with a local dealer perspective.</p>
</section>

<section id=""key-points"">
  <h2>Key Takeaways</h2>
  <ul>
    <li>Why it matters: clear benefits to uptime, accuracy, and profitability.</li>
    <li>What to watch: common mistakes we fix during audits.</li>
    <li>How to implement: practical steps with measurable KPIs.</li>
  </ul>
</section>

<section id=""implementation"">
  <h2>Implementation Playbook</h2>
  <ol><li>On‑farm assessment of equipment, software, and data flows</li><li>Targeted upgrades or calibrations that move the KPI needle</li><li>Display and cloud setup with role‑based workflows</li><li>Field validation pass and tweaks under real conditions</li><li>Season review and continuous improvement plan</li></ol>
</section>

<section id=""local-perspective"">
  <h2>Local Perspective</h2>
  <p>Conditions vary by soil, residue, and weather. We tailor settings and workflows for your fields, your implements, and your team—so the tech does the work, not you.</p>
</section>

<section id=""links"">
  <h2>Helpful Links</h2>
  <h3>Internal</h3>
  <ul><li><a href='/contact'>/contact</a></li><li><a href='/services/precision-ag'>/services/precision-ag</a></li><li><a href='/resources/planter-maintenance-guide'>/resources/planter-maintenance-guide</a></li></ul>
  <h3>External (Precision Planting)</h3>
  <ul><li><a href='https://www.precisionplanting.com/resources' rel='noopener nofollow'>https://www.precisionplanting.com/resources</a></li><li><a href='https://www.precisionplanting.com/products' rel='noopener nofollow'>https://www.precisionplanting.com/products</a></li></ul>
</section>

<section id=""faq"">
  <h2>FAQ</h2>
  <div class='faq'><h3>Will this work on mixed equipment?</h3><p>Yes. We support multi-brand displays and ISOBUS so your existing fleet can be integrated.</p></div><div class='faq'><h3>How soon can I see ROI?</h3><p>Most farms see measurable gains within a season once guidance, application, and data workflows are aligned.</p></div><div class='faq'><h3>Do you offer in-field setup?</h3><p>Yes. We provide audit, install, calibration, and a follow‑up validation pass in season.</p></div>
</section>

<script type=""application/ld+json"">
{
  ""@context"": ""https://schema.org"",
  ""@type"": ""Article"",
  ""headline"": ""Dont Cut Corners On Point Rows"",
  ""about"": [
    ""Planting Systems""
  ],
  ""isBasedOn"": ""https://ptxtrimble.com/en/blog/dont-cut-corners-on-point-rows"",
  ""datePublished"": ""2025-08-19"",
  ""author"": {
    ""@type"": ""Organization"",
    ""name"": ""[Dealer Name]""
  },
  ""publisher"": {
    ""@type"": ""Organization"",
    ""name"": ""[Dealer Name]""
  },
  ""mainEntityOfPage"": ""/resources/dont-cut-corners-on-point-rows.html"",
  ""keywords"": ""Planting Systems""
}
</script>
",/contact;/services/precision-ag;/resources/planter-maintenance-guide,https://www.precisionplanting.com/resources;https://www.precisionplanting.com/products
Article (Rewritten),https://ptxtrimble.com/en/blog/is-it-time-to-level-up-your-precision-ag-technology,is-it-time-to-level-up-your-precision-ag-technology,Is It Time To Level Up Your Precision Ag Technology,Is It Time To Level Up Your Precision Ag Technology | Local Insights & How-To | [Dealer Name],"Actionable, dealer-written take on is it time to level up your precision ag technology—with steps, KPIs, and links to Precision Planting resources.","is, it, time, to, level, up, your, precision, ag, technology, precision agriculture, farm technology",Precision Ag Strategy,"https://source.unsplash.com/1600x900/?time+level+your+precision+technology,farm",Is It Time To Level Up Your Precision Ag Technology — agriculture scene,"<!-- rewritten from https://ptxtrimble.com/en/blog/is-it-time-to-level-up-your-precision-ag-technology -->
<section class=""intro"">
  <p class=""eyebrow"">Precision Ag Strategy</p>
  <h1>Is It Time To Level Up Your Precision Ag Technology — Dealer Insights</h1>
  <p>Is It Time To Level Up Your Precision Ag Technology: practical insights and step-by-step actions for growers, with a local dealer perspective.</p>
</section>

<section id=""key-points"">
  <h2>Key Takeaways</h2>
  <ul>
    <li>Why it matters: clear benefits to uptime, accuracy, and profitability.</li>
    <li>What to watch: common mistakes we fix during audits.</li>
    <li>How to implement: practical steps with measurable KPIs.</li>
  </ul>
</section>

<section id=""implementation"">
  <h2>Implementation Playbook</h2>
  <ol><li>On‑farm assessment of equipment, software, and data flows</li><li>Targeted upgrades or calibrations that move the KPI needle</li><li>Display and cloud setup with role‑based workflows</li><li>Field validation pass and tweaks under real conditions</li><li>Season review and continuous improvement plan</li></ol>
</section>

<section id=""local-perspective"">
  <h2>Local Perspective</h2>
  <p>Conditions vary by soil, residue, and weather. We tailor settings and workflows for your fields, your implements, and your team—so the tech does the work, not you.</p>
</section>

<section id=""links"">
  <h2>Helpful Links</h2>
  <h3>Internal</h3>
  <ul><li><a href='/contact'>/contact</a></li><li><a href='/services/precision-ag'>/services/precision-ag</a></li><li><a href='/resources/planter-maintenance-guide'>/resources/planter-maintenance-guide</a></li></ul>
  <h3>External (Precision Planting)</h3>
  <ul><li><a href='https://www.precisionplanting.com/resources' rel='noopener nofollow'>https://www.precisionplanting.com/resources</a></li><li><a href='https://www.precisionplanting.com/products' rel='noopener nofollow'>https://www.precisionplanting.com/products</a></li></ul>
</section>

<section id=""faq"">
  <h2>FAQ</h2>
  <div class='faq'><h3>Will this work on mixed equipment?</h3><p>Yes. We support multi-brand displays and ISOBUS so your existing fleet can be integrated.</p></div><div class='faq'><h3>How soon can I see ROI?</h3><p>Most farms see measurable gains within a season once guidance, application, and data workflows are aligned.</p></div><div class='faq'><h3>Do you offer in-field setup?</h3><p>Yes. We provide audit, install, calibration, and a follow‑up validation pass in season.</p></div>
</section>

<script type=""application/ld+json"">
{
  ""@context"": ""https://schema.org"",
  ""@type"": ""Article"",
  ""headline"": ""Is It Time To Level Up Your Precision Ag Technology"",
  ""about"": [
    ""Precision Ag Strategy""
  ],
  ""isBasedOn"": ""https://ptxtrimble.com/en/blog/is-it-time-to-level-up-your-precision-ag-technology"",
  ""datePublished"": ""2025-08-19"",
  ""author"": {
    ""@type"": ""Organization"",
    ""name"": ""[Dealer Name]""
  },
  ""publisher"": {
    ""@type"": ""Organization"",
    ""name"": ""[Dealer Name]""
  },
  ""mainEntityOfPage"": ""/resources/is-it-time-to-level-up-your-precision-ag-technology.html"",
  ""keywords"": ""Precision Ag Strategy""
}
</script>
",/contact;/services/precision-ag;/resources/planter-maintenance-guide,https://www.precisionplanting.com/resources;https://www.precisionplanting.com/products
Article (Rewritten),https://ptxtrimble.com/en/blog/why-farmers-are-true-heroes-in-battle-against-climate-change,why-farmers-are-true-heroes-in-battle-against-climate-change,Why Farmers Are True Heroes In Battle Against Climate Change,Why Farmers Are True Heroes In Battle Against Climate Change | Local Insights & How-To | [Dealer Name],"Actionable, dealer-written take on why farmers are true heroes in battle against climate change—with steps, KPIs, and links to Precision Planting resources.","why, farmers, are, true, heroes, in, battle, against, climate, change, precision agriculture, farm technology",Sustainability & Carbon,"https://source.unsplash.com/1600x900/?why+farmers+are+true+heroes,farm",Why Farmers Are True Heroes In Battle Against Climate Change — agriculture scene,"<!-- rewritten from https://ptxtrimble.com/en/blog/why-farmers-are-true-heroes-in-battle-against-climate-change -->
<section class=""intro"">
  <p class=""eyebrow"">Sustainability & Carbon</p>
  <h1>Why Farmers Are True Heroes In Battle Against Climate Change — Dealer Insights</h1>
  <p>Why Farmers Are True Heroes In Battle Against Climate Change: practical insights and step-by-step actions for growers, with a local dealer perspective.</p>
</section>

<section id=""key-points"">
  <h2>Key Takeaways</h2>
  <ul>
    <li>Why it matters: clear benefits to uptime, accuracy, and profitability.</li>
    <li>What to watch: common mistakes we fix during audits.</li>
    <li>How to implement: practical steps with measurable KPIs.</li>
  </ul>
</section>

<section id=""implementation"">
  <h2>Implementation Playbook</h2>
  <ol><li>On‑farm assessment of equipment, software, and data flows</li><li>Targeted upgrades or calibrations that move the KPI needle</li><li>Display and cloud setup with role‑based workflows</li><li>Field validation pass and tweaks under real conditions</li><li>Season review and continuous improvement plan</li></ol>
</section>

<section id=""local-perspective"">
  <h2>Local Perspective</h2>
  <p>Conditions vary by soil, residue, and weather. We tailor settings and workflows for your fields, your implements, and your team—so the tech does the work, not you.</p>
</section>

<section id=""links"">
  <h2>Helpful Links</h2>
  <h3>Internal</h3>
  <ul><li><a href='/contact'>/contact</a></li><li><a href='/services/precision-ag'>/services/precision-ag</a></li><li><a href='/resources/planter-maintenance-guide'>/resources/planter-maintenance-guide</a></li></ul>
  <h3>External (Precision Planting)</h3>
  <ul><li><a href='https://www.precisionplanting.com/resources' rel='noopener nofollow'>https://www.precisionplanting.com/resources</a></li><li><a href='https://www.precisionplanting.com/products' rel='noopener nofollow'>https://www.precisionplanting.com/products</a></li></ul>
</section>

<section id=""faq"">
  <h2>FAQ</h2>
  <div class='faq'><h3>Will this work on mixed equipment?</h3><p>Yes. We support multi-brand displays and ISOBUS so your existing fleet can be integrated.</p></div><div class='faq'><h3>How soon can I see ROI?</h3><p>Most farms see measurable gains within a season once guidance, application, and data workflows are aligned.</p></div><div class='faq'><h3>Do you offer in-field setup?</h3><p>Yes. We provide audit, install, calibration, and a follow‑up validation pass in season.</p></div>
</section>

<script type=""application/ld+json"">
{
  ""@context"": ""https://schema.org"",
  ""@type"": ""Article"",
  ""headline"": ""Why Farmers Are True Heroes In Battle Against Climate Change"",
  ""about"": [
    ""Sustainability & Carbon""
  ],
  ""isBasedOn"": ""https://ptxtrimble.com/en/blog/why-farmers-are-true-heroes-in-battle-against-climate-change"",
  ""datePublished"": ""2025-08-19"",
  ""author"": {
    ""@type"": ""Organization"",
    ""name"": ""[Dealer Name]""
  },
  ""publisher"": {
    ""@type"": ""Organization"",
    ""name"": ""[Dealer Name]""
  },
  ""mainEntityOfPage"": ""/resources/why-farmers-are-true-heroes-in-battle-against-climate-change.html"",
  ""keywords"": ""Sustainability & Carbon""
}
</script>
",/contact;/services/precision-ag;/resources/planter-maintenance-guide,https://www.precisionplanting.com/resources;https://www.precisionplanting.com/products
Article (Rewritten),https://ptxtrimble.com/en/blog/solving-precision-challenges-with-specialized-solutions,solving-precision-challenges-with-specialized-solutions,Solving Precision Challenges With Specialized Solutions,Solving Precision Challenges With Specialized Solutions | Local Insights & How-To | [Dealer Name],"Actionable, dealer-written take on solving precision challenges with specialized solutions—with steps, KPIs, and links to Precision Planting resources.","solving, precision, challenges, with, specialized, solutions, precision agriculture, farm technology, ptx trimble",Precision Ag Strategy,"https://source.unsplash.com/1600x900/?solving+precision+challenges+with+specialized,farm",Solving Precision Challenges With Specialized Solutions — agriculture scene,"<!-- rewritten from https://ptxtrimble.com/en/blog/solving-precision-challenges-with-specialized-solutions -->
<section class=""intro"">
  <p class=""eyebrow"">Precision Ag Strategy</p>
  <h1>Solving Precision Challenges With Specialized Solutions — Dealer Insights</h1>
  <p>Solving Precision Challenges With Specialized Solutions: practical insights and step-by-step actions for growers, with a local dealer perspective.</p>
</section>

<section id=""key-points"">
  <h2>Key Takeaways</h2>
  <ul>
    <li>Why it matters: clear benefits to uptime, accuracy, and profitability.</li>
    <li>What to watch: common mistakes we fix during audits.</li>
    <li>How to implement: practical steps with measurable KPIs.</li>
  </ul>
</section>

<section id=""implementation"">
  <h2>Implementation Playbook</h2>
  <ol><li>On‑farm assessment of equipment, software, and data flows</li><li>Targeted upgrades or calibrations that move the KPI needle</li><li>Display and cloud setup with role‑based workflows</li><li>Field validation pass and tweaks under real conditions</li><li>Season review and continuous improvement plan</li></ol>
</section>

<section id=""local-perspective"">
  <h2>Local Perspective</h2>
  <p>Conditions vary by soil, residue, and weather. We tailor settings and workflows for your fields, your implements, and your team—so the tech does the work, not you.</p>
</section>

<section id=""links"">
  <h2>Helpful Links</h2>
  <h3>Internal</h3>
  <ul><li><a href='/contact'>/contact</a></li><li><a href='/services/precision-ag'>/services/precision-ag</a></li><li><a href='/resources/planter-maintenance-guide'>/resources/planter-maintenance-guide</a></li></ul>
  <h3>External (Precision Planting)</h3>
  <ul><li><a href='https://www.precisionplanting.com/resources' rel='noopener nofollow'>https://www.precisionplanting.com/resources</a></li><li><a href='https://www.precisionplanting.com/products' rel='noopener nofollow'>https://www.precisionplanting.com/products</a></li></ul>
</section>

<section id=""faq"">
  <h2>FAQ</h2>
  <div class='faq'><h3>Will this work on mixed equipment?</h3><p>Yes. We support multi-brand displays and ISOBUS so your existing fleet can be integrated.</p></div><div class='faq'><h3>How soon can I see ROI?</h3><p>Most farms see measurable gains within a season once guidance, application, and data workflows are aligned.</p></div><div class='faq'><h3>Do you offer in-field setup?</h3><p>Yes. We provide audit, install, calibration, and a follow‑up validation pass in season.</p></div>
</section>

<script type=""application/ld+json"">
{
  ""@context"": ""https://schema.org"",
  ""@type"": ""Article"",
  ""headline"": ""Solving Precision Challenges With Specialized Solutions"",
  ""about"": [
    ""Precision Ag Strategy""
  ],
  ""isBasedOn"": ""https://ptxtrimble.com/en/blog/solving-precision-challenges-with-specialized-solutions"",
  ""datePublished"": ""2025-08-19"",
  ""author"": {
    ""@type"": ""Organization"",
    ""name"": ""[Dealer Name]""
  },
  ""publisher"": {
    ""@type"": ""Organization"",
    ""name"": ""[Dealer Name]""
  },
  ""mainEntityOfPage"": ""/resources/solving-precision-challenges-with-specialized-solutions.html"",
  ""keywords"": ""Precision Ag Strategy""
}
</script>
",/contact;/services/precision-ag;/resources/planter-maintenance-guide,https://www.precisionplanting.com/resources;https://www.precisionplanting.com/products
Article (Rewritten),https://ptxtrimble.com/en/blog/unlocking-planter-performance-precision-payback-isobus,unlocking-planter-performance-precision-payback-isobus,Unlocking Planter Performance Precision Payback ISOBUS,Unlocking Planter Performance Precision Payback ISOBUS | Local Insights & How-To | [Dealer Name],"Actionable, dealer-written take on unlocking planter performance precision payback isobus—with steps, KPIs, and links to Precision Planting resources.","unlocking, planter, performance, precision, payback, isobus, precision agriculture, farm technology, ptx trimble","Data Management & Displays, Planting Systems","https://source.unsplash.com/1600x900/?unlocking+planter+performance+precision+payback,farm",Unlocking Planter Performance Precision Payback ISOBUS — agriculture scene,"<!-- rewritten from https://ptxtrimble.com/en/blog/unlocking-planter-performance-precision-payback-isobus -->
<section class=""intro"">
  <p class=""eyebrow"">Data Management & Displays, Planting Systems</p>
  <h1>Unlocking Planter Performance Precision Payback ISOBUS — Dealer Insights</h1>
  <p>Unlocking Planter Performance Precision Payback ISOBUS: practical insights and step-by-step actions for growers, with a local dealer perspective.</p>
</section>

<section id=""key-points"">
  <h2>Key Takeaways</h2>
  <ul>
    <li>Why it matters: clear benefits to uptime, accuracy, and profitability.</li>
    <li>What to watch: common mistakes we fix during audits.</li>
    <li>How to implement: practical steps with measurable KPIs.</li>
  </ul>
</section>

<section id=""implementation"">
  <h2>Implementation Playbook</h2>
  <ol><li>On‑farm assessment of equipment, software, and data flows</li><li>Targeted upgrades or calibrations that move the KPI needle</li><li>Display and cloud setup with role‑based workflows</li><li>Field validation pass and tweaks under real conditions</li><li>Season review and continuous improvement plan</li></ol>
</section>

<section id=""local-perspective"">
  <h2>Local Perspective</h2>
  <p>Conditions vary by soil, residue, and weather. We tailor settings and workflows for your fields, your implements, and your team—so the tech does the work, not you.</p>
</section>

<section id=""links"">
  <h2>Helpful Links</h2>
  <h3>Internal</h3>
  <ul><li><a href='/contact'>/contact</a></li><li><a href='/services/precision-ag'>/services/precision-ag</a></li><li><a href='/resources/planter-maintenance-guide'>/resources/planter-maintenance-guide</a></li></ul>
  <h3>External (Precision Planting)</h3>
  <ul><li><a href='https://www.precisionplanting.com/resources' rel='noopener nofollow'>https://www.precisionplanting.com/resources</a></li><li><a href='https://www.precisionplanting.com/products' rel='noopener nofollow'>https://www.precisionplanting.com/products</a></li></ul>
</section>

<section id=""faq"">
  <h2>FAQ</h2>
  <div class='faq'><h3>Will this work on mixed equipment?</h3><p>Yes. We support multi-brand displays and ISOBUS so your existing fleet can be integrated.</p></div><div class='faq'><h3>How soon can I see ROI?</h3><p>Most farms see measurable gains within a season once guidance, application, and data workflows are aligned.</p></div><div class='faq'><h3>Do you offer in-field setup?</h3><p>Yes. We provide audit, install, calibration, and a follow‑up validation pass in season.</p></div>
</section>

<script type=""application/ld+json"">
{
  ""@context"": ""https://schema.org"",
  ""@type"": ""Article"",
  ""headline"": ""Unlocking Planter Performance Precision Payback ISOBUS"",
  ""about"": [
    ""Data Management & Displays"",
    ""Planting Systems""
  ],
  ""isBasedOn"": ""https://ptxtrimble.com/en/blog/unlocking-planter-performance-precision-payback-isobus"",
  ""datePublished"": ""2025-08-19"",
  ""author"": {
    ""@type"": ""Organization"",
    ""name"": ""[Dealer Name]""
  },
  ""publisher"": {
    ""@type"": ""Organization"",
    ""name"": ""[Dealer Name]""
  },
  ""mainEntityOfPage"": ""/resources/unlocking-planter-performance-precision-payback-isobus.html"",
  ""keywords"": ""Data Management & Displays, Planting Systems""
}
</script>
",/contact;/services/precision-ag;/resources/planter-maintenance-guide,https://www.precisionplanting.com/resources;https://www.precisionplanting.com/products
Article (Rewritten),https://ptxtrimble.com/en/blog/building-a-strong-relationship-with-your-precision-ag-dealer,building-a-strong-relationship-with-your-precision-ag-dealer,Building A Strong Relationship With Your Precision Ag Dealer,Building A Strong Relationship With Your Precision Ag Dealer | Local Insights & How-To | [Dealer Name],"Actionable, dealer-written take on building a strong relationship with your precision ag dealer—with steps, KPIs, and links to Precision Planting resources.","building, a, strong, relationship, with, your, precision, ag, dealer, precision agriculture, farm technology, ptx trimble",Precision Ag Strategy,"https://source.unsplash.com/1600x900/?building+strong+relationship+with+your,farm",Building A Strong Relationship With Your Precision Ag Dealer — agriculture scene,"<!-- rewritten from https://ptxtrimble.com/en/blog/building-a-strong-relationship-with-your-precision-ag-dealer -->
<section class=""intro"">
  <p class=""eyebrow"">Precision Ag Strategy</p>
  <h1>Building A Strong Relationship With Your Precision Ag Dealer — Dealer Insights</h1>
  <p>Building A Strong Relationship With Your Precision Ag Dealer: practical insights and step-by-step actions for growers, with a local dealer perspective.</p>
</section>

<section id=""key-points"">
  <h2>Key Takeaways</h2>
  <ul>
    <li>Why it matters: clear benefits to uptime, accuracy, and profitability.</li>
    <li>What to watch: common mistakes we fix during audits.</li>
    <li>How to implement: practical steps with measurable KPIs.</li>
  </ul>
</section>

<section id=""implementation"">
  <h2>Implementation Playbook</h2>
  <ol><li>On‑farm assessment of equipment, software, and data flows</li><li>Targeted upgrades or calibrations that move the KPI needle</li><li>Display and cloud setup with role‑based workflows</li><li>Field validation pass and tweaks under real conditions</li><li>Season review and continuous improvement plan</li></ol>
</section>

<section id=""local-perspective"">
  <h2>Local Perspective</h2>
  <p>Conditions vary by soil, residue, and weather. We tailor settings and workflows for your fields, your implements, and your team—so the tech does the work, not you.</p>
</section>

<section id=""links"">
  <h2>Helpful Links</h2>
  <h3>Internal</h3>
  <ul><li><a href='/contact'>/contact</a></li><li><a href='/services/precision-ag'>/services/precision-ag</a></li><li><a href='/resources/planter-maintenance-guide'>/resources/planter-maintenance-guide</a></li></ul>
  <h3>External (Precision Planting)</h3>
  <ul><li><a href='https://www.precisionplanting.com/resources' rel='noopener nofollow'>https://www.precisionplanting.com/resources</a></li><li><a href='https://www.precisionplanting.com/products' rel='noopener nofollow'>https://www.precisionplanting.com/products</a></li></ul>
</section>

<section id=""faq"">
  <h2>FAQ</h2>
  <div class='faq'><h3>Will this work on mixed equipment?</h3><p>Yes. We support multi-brand displays and ISOBUS so your existing fleet can be integrated.</p></div><div class='faq'><h3>How soon can I see ROI?</h3><p>Most farms see measurable gains within a season once guidance, application, and data workflows are aligned.</p></div><div class='faq'><h3>Do you offer in-field setup?</h3><p>Yes. We provide audit, install, calibration, and a follow‑up validation pass in season.</p></div>
</section>

<script type=""application/ld+json"">
{
  ""@context"": ""https://schema.org"",
  ""@type"": ""Article"",
  ""headline"": ""Building A Strong Relationship With Your Precision Ag Dealer"",
  ""about"": [
    ""Precision Ag Strategy""
  ],
  ""isBasedOn"": ""https://ptxtrimble.com/en/blog/building-a-strong-relationship-with-your-precision-ag-dealer"",
  ""datePublished"": ""2025-08-19"",
  ""author"": {
    ""@type"": ""Organization"",
    ""name"": ""[Dealer Name]""
  },
  ""publisher"": {
    ""@type"": ""Organization"",
    ""name"": ""[Dealer Name]""
  },
  ""mainEntityOfPage"": ""/resources/building-a-strong-relationship-with-your-precision-ag-dealer.html"",
  ""keywords"": ""Precision Ag Strategy""
}
</script>
",/contact;/services/precision-ag;/resources/planter-maintenance-guide,https://www.precisionplanting.com/resources;https://www.precisionplanting.com/products
Article (Rewritten),https://ptxtrimble.com/en/blog/how-precision-agriculture-innovations-evolve,how-precision-agriculture-innovations-evolve,How Precision Agriculture Innovations Evolve,How Precision Agriculture Innovations Evolve | Local Insights & How-To | [Dealer Name],"Actionable, dealer-written take on how precision agriculture innovations evolve—with steps, KPIs, and links to Precision Planting resources.","how, precision, agriculture, innovations, evolve, precision agriculture, farm technology, ptx trimble",Precision Ag Strategy,"https://source.unsplash.com/1600x900/?how+precision+agriculture+innovations+evolve,farm",How Precision Agriculture Innovations Evolve — agriculture scene,"<!-- rewritten from https://ptxtrimble.com/en/blog/how-precision-agriculture-innovations-evolve -->
<section class=""intro"">
  <p class=""eyebrow"">Precision Ag Strategy</p>
  <h1>How Precision Agriculture Innovations Evolve — Dealer Insights</h1>
  <p>How Precision Agriculture Innovations Evolve: practical insights and step-by-step actions for growers, with a local dealer perspective.</p>
</section>

<section id=""key-points"">
  <h2>Key Takeaways</h2>
  <ul>
    <li>Why it matters: clear benefits to uptime, accuracy, and profitability.</li>
    <li>What to watch: common mistakes we fix during audits.</li>
    <li>How to implement: practical steps with measurable KPIs.</li>
  </ul>
</section>

<section id=""implementation"">
  <h2>Implementation Playbook</h2>
  <ol><li>On‑farm assessment of equipment, software, and data flows</li><li>Targeted upgrades or calibrations that move the KPI needle</li><li>Display and cloud setup with role‑based workflows</li><li>Field validation pass and tweaks under real conditions</li><li>Season review and continuous improvement plan</li></ol>
</section>

<section id=""local-perspective"">
  <h2>Local Perspective</h2>
  <p>Conditions vary by soil, residue, and weather. We tailor settings and workflows for your fields, your implements, and your team—so the tech does the work, not you.</p>
</section>

<section id=""links"">
  <h2>Helpful Links</h2>
  <h3>Internal</h3>
  <ul><li><a href='/contact'>/contact</a></li><li><a href='/services/precision-ag'>/services/precision-ag</a></li><li><a href='/resources/planter-maintenance-guide'>/resources/planter-maintenance-guide</a></li></ul>
  <h3>External (Precision Planting)</h3>
  <ul><li><a href='https://www.precisionplanting.com/resources' rel='noopener nofollow'>https://www.precisionplanting.com/resources</a></li><li><a href='https://www.precisionplanting.com/products' rel='noopener nofollow'>https://www.precisionplanting.com/products</a></li></ul>
</section>

<section id=""faq"">
  <h2>FAQ</h2>
  <div class='faq'><h3>Will this work on mixed equipment?</h3><p>Yes. We support multi-brand displays and ISOBUS so your existing fleet can be integrated.</p></div><div class='faq'><h3>How soon can I see ROI?</h3><p>Most farms see measurable gains within a season once guidance, application, and data workflows are aligned.</p></div><div class='faq'><h3>Do you offer in-field setup?</h3><p>Yes. We provide audit, install, calibration, and a follow‑up validation pass in season.</p></div>
</section>

<script type=""application/ld+json"">
{
  ""@context"": ""https://schema.org"",
  ""@type"": ""Article"",
  ""headline"": ""How Precision Agriculture Innovations Evolve"",
  ""about"": [
    ""Precision Ag Strategy""
  ],
  ""isBasedOn"": ""https://ptxtrimble.com/en/blog/how-precision-agriculture-innovations-evolve"",
  ""datePublished"": ""2025-08-19"",
  ""author"": {
    ""@type"": ""Organization"",
    ""name"": ""[Dealer Name]""
  },
  ""publisher"": {
    ""@type"": ""Organization"",
    ""name"": ""[Dealer Name]""
  },
  ""mainEntityOfPage"": ""/resources/how-precision-agriculture-innovations-evolve.html"",
  ""keywords"": ""Precision Ag Strategy""
}
</script>
",/contact;/services/precision-ag;/resources/planter-maintenance-guide,https://www.precisionplanting.com/resources;https://www.precisionplanting.com/products
Article (Rewritten),https://ptxtrimble.com/en/blog/how-farmers-solve-challenges-with-precision-agriculture,how-farmers-solve-challenges-with-precision-agriculture,How Farmers Solve Challenges With Precision Agriculture,How Farmers Solve Challenges With Precision Agriculture | Local Insights & How-To | [Dealer Name],"Actionable, dealer-written take on how farmers solve challenges with precision agriculture—with steps, KPIs, and links to Precision Planting resources.","how, farmers, solve, challenges, with, precision, agriculture, precision agriculture, farm technology, ptx trimble",Precision Ag Strategy,"https://source.unsplash.com/1600x900/?how+farmers+solve+challenges+with,farm",How Farmers Solve Challenges With Precision Agriculture — agriculture scene,"<!-- rewritten from https://ptxtrimble.com/en/blog/how-farmers-solve-challenges-with-precision-agriculture -->
<section class=""intro"">
  <p class=""eyebrow"">Precision Ag Strategy</p>
  <h1>How Farmers Solve Challenges With Precision Agriculture — Dealer Insights</h1>
  <p>How Farmers Solve Challenges With Precision Agriculture: practical insights and step-by-step actions for growers, with a local dealer perspective.</p>
</section>

<section id=""key-points"">
  <h2>Key Takeaways</h2>
  <ul>
    <li>Why it matters: clear benefits to uptime, accuracy, and profitability.</li>
    <li>What to watch: common mistakes we fix during audits.</li>
    <li>How to implement: practical steps with measurable KPIs.</li>
  </ul>
</section>

<section id=""implementation"">
  <h2>Implementation Playbook</h2>
  <ol><li>On‑farm assessment of equipment, software, and data flows</li><li>Targeted upgrades or calibrations that move the KPI needle</li><li>Display and cloud setup with role‑based workflows</li><li>Field validation pass and tweaks under real conditions</li><li>Season review and continuous improvement plan</li></ol>
</section>

<section id=""local-perspective"">
  <h2>Local Perspective</h2>
  <p>Conditions vary by soil, residue, and weather. We tailor settings and workflows for your fields, your implements, and your team—so the tech does the work, not you.</p>
</section>

<section id=""links"">
  <h2>Helpful Links</h2>
  <h3>Internal</h3>
  <ul><li><a href='/contact'>/contact</a></li><li><a href='/services/precision-ag'>/services/precision-ag</a></li><li><a href='/resources/planter-maintenance-guide'>/resources/planter-maintenance-guide</a></li></ul>
  <h3>External (Precision Planting)</h3>
  <ul><li><a href='https://www.precisionplanting.com/resources' rel='noopener nofollow'>https://www.precisionplanting.com/resources</a></li><li><a href='https://www.precisionplanting.com/products' rel='noopener nofollow'>https://www.precisionplanting.com/products</a></li></ul>
</section>

<section id=""faq"">
  <h2>FAQ</h2>
  <div class='faq'><h3>Will this work on mixed equipment?</h3><p>Yes. We support multi-brand displays and ISOBUS so your existing fleet can be integrated.</p></div><div class='faq'><h3>How soon can I see ROI?</h3><p>Most farms see measurable gains within a season once guidance, application, and data workflows are aligned.</p></div><div class='faq'><h3>Do you offer in-field setup?</h3><p>Yes. We provide audit, install, calibration, and a follow‑up validation pass in season.</p></div>
</section>

<script type=""application/ld+json"">
{
  ""@context"": ""https://schema.org"",
  ""@type"": ""Article"",
  ""headline"": ""How Farmers Solve Challenges With Precision Agriculture"",
  ""about"": [
    ""Precision Ag Strategy""
  ],
  ""isBasedOn"": ""https://ptxtrimble.com/en/blog/how-farmers-solve-challenges-with-precision-agriculture"",
  ""datePublished"": ""2025-08-19"",
  ""author"": {
    ""@type"": ""Organization"",
    ""name"": ""[Dealer Name]""
  },
  ""publisher"": {
    ""@type"": ""Organization"",
    ""name"": ""[Dealer Name]""
  },
  ""mainEntityOfPage"": ""/resources/how-farmers-solve-challenges-with-precision-agriculture.html"",
  ""keywords"": ""Precision Ag Strategy""
}
</script>
",/contact;/services/precision-ag;/resources/planter-maintenance-guide,https://www.precisionplanting.com/resources;https://www.precisionplanting.com/products
Article (Rewritten),https://ptxtrimble.com/en/blog/precision-agriculture-trends-to-watch-2023,precision-agriculture-trends-to-watch-2023,Precision Agriculture Trends To Watch 2023,Precision Agriculture Trends To Watch 2023 | Local Insights & How-To | [Dealer Name],"Actionable, dealer-written take on precision agriculture trends to watch 2023—with steps, KPIs, and links to Precision Planting resources.","precision, agriculture, trends, to, watch, 2023, precision agriculture, farm technology, ptx trimble",Precision Ag Strategy,"https://source.unsplash.com/1600x900/?precision+agriculture+trends+watch+2023,farm",Precision Agriculture Trends To Watch 2023 — agriculture scene,"<!-- rewritten from https://ptxtrimble.com/en/blog/precision-agriculture-trends-to-watch-2023 -->
<section class=""intro"">
  <p class=""eyebrow"">Precision Ag Strategy</p>
  <h1>Precision Agriculture Trends To Watch 2023 — Dealer Insights</h1>
  <p>Precision Agriculture Trends To Watch 2023: practical insights and step-by-step actions for growers, with a local dealer perspective.</p>
</section>

<section id=""key-points"">
  <h2>Key Takeaways</h2>
  <ul>
    <li>Why it matters: clear benefits to uptime, accuracy, and profitability.</li>
    <li>What to watch: common mistakes we fix during audits.</li>
    <li>How to implement: practical steps with measurable KPIs.</li>
  </ul>
</section>

<section id=""implementation"">
  <h2>Implementation Playbook</h2>
  <ol><li>On‑farm assessment of equipment, software, and data flows</li><li>Targeted upgrades or calibrations that move the KPI needle</li><li>Display and cloud setup with role‑based workflows</li><li>Field validation pass and tweaks under real conditions</li><li>Season review and continuous improvement plan</li></ol>
</section>

<section id=""local-perspective"">
  <h2>Local Perspective</h2>
  <p>Conditions vary by soil, residue, and weather. We tailor settings and workflows for your fields, your implements, and your team—so the tech does the work, not you.</p>
</section>

<section id=""links"">
  <h2>Helpful Links</h2>
  <h3>Internal</h3>
  <ul><li><a href='/contact'>/contact</a></li><li><a href='/services/precision-ag'>/services/precision-ag</a></li><li><a href='/resources/planter-maintenance-guide'>/resources/planter-maintenance-guide</a></li></ul>
  <h3>External (Precision Planting)</h3>
  <ul><li><a href='https://www.precisionplanting.com/resources' rel='noopener nofollow'>https://www.precisionplanting.com/resources</a></li><li><a href='https://www.precisionplanting.com/products' rel='noopener nofollow'>https://www.precisionplanting.com/products</a></li></ul>
</section>

<section id=""faq"">
  <h2>FAQ</h2>
  <div class='faq'><h3>Will this work on mixed equipment?</h3><p>Yes. We support multi-brand displays and ISOBUS so your existing fleet can be integrated.</p></div><div class='faq'><h3>How soon can I see ROI?</h3><p>Most farms see measurable gains within a season once guidance, application, and data workflows are aligned.</p></div><div class='faq'><h3>Do you offer in-field setup?</h3><p>Yes. We provide audit, install, calibration, and a follow‑up validation pass in season.</p></div>
</section>

<script type=""application/ld+json"">
{
  ""@context"": ""https://schema.org"",
  ""@type"": ""Article"",
  ""headline"": ""Precision Agriculture Trends To Watch 2023"",
  ""about"": [
    ""Precision Ag Strategy""
  ],
  ""isBasedOn"": ""https://ptxtrimble.com/en/blog/precision-agriculture-trends-to-watch-2023"",
  ""datePublished"": ""2025-08-19"",
  ""author"": {
    ""@type"": ""Organization"",
    ""name"": ""[Dealer Name]""
  },
  ""publisher"": {
    ""@type"": ""Organization"",
    ""name"": ""[Dealer Name]""
  },
  ""mainEntityOfPage"": ""/resources/precision-agriculture-trends-to-watch-2023.html"",
  ""keywords"": ""Precision Ag Strategy""
}
</script>
",/contact;/services/precision-ag;/resources/planter-maintenance-guide,https://www.precisionplanting.com/resources;https://www.precisionplanting.com/products
Article (Rewritten),https://ptxtrimble.com/en/blog/on-the-road-again-tradeshow-recap,on-the-road-again-tradeshow-recap,On The Road Again Tradeshow Recap,On The Road Again Tradeshow Recap | Local Insights & How-To | [Dealer Name],"Actionable, dealer-written take on on the road again tradeshow recap—with steps, KPIs, and links to Precision Planting resources.","on, the, road, again, tradeshow, recap, precision agriculture, farm technology, ptx trimble",Precision Ag Strategy,"https://source.unsplash.com/1600x900/?the+road+again+tradeshow+recap,farm",On The Road Again Tradeshow Recap — agriculture scene,"<!-- rewritten from https://ptxtrimble.com/en/blog/on-the-road-again-tradeshow-recap -->
<section class=""intro"">
  <p class=""eyebrow"">Precision Ag Strategy</p>
  <h1>On The Road Again Tradeshow Recap — Dealer Insights</h1>
  <p>On The Road Again Tradeshow Recap: practical insights and step-by-step actions for growers, with a local dealer perspective.</p>
</section>

<section id=""key-points"">
  <h2>Key Takeaways</h2>
  <ul>
    <li>Why it matters: clear benefits to uptime, accuracy, and profitability.</li>
    <li>What to watch: common mistakes we fix during audits.</li>
    <li>How to implement: practical steps with measurable KPIs.</li>
  </ul>
</section>

<section id=""implementation"">
  <h2>Implementation Playbook</h2>
  <ol><li>On‑farm assessment of equipment, software, and data flows</li><li>Targeted upgrades or calibrations that move the KPI needle</li><li>Display and cloud setup with role‑based workflows</li><li>Field validation pass and tweaks under real conditions</li><li>Season review and continuous improvement plan</li></ol>
</section>

<section id=""local-perspective"">
  <h2>Local Perspective</h2>
  <p>Conditions vary by soil, residue, and weather. We tailor settings and workflows for your fields, your implements, and your team—so the tech does the work, not you.</p>
</section>

<section id=""links"">
  <h2>Helpful Links</h2>
  <h3>Internal</h3>
  <ul><li><a href='/contact'>/contact</a></li><li><a href='/services/precision-ag'>/services/precision-ag</a></li><li><a href='/resources/planter-maintenance-guide'>/resources/planter-maintenance-guide</a></li></ul>
  <h3>External (Precision Planting)</h3>
  <ul><li><a href='https://www.precisionplanting.com/resources' rel='noopener nofollow'>https://www.precisionplanting.com/resources</a></li><li><a href='https://www.precisionplanting.com/products' rel='noopener nofollow'>https://www.precisionplanting.com/products</a></li></ul>
</section>

<section id=""faq"">
  <h2>FAQ</h2>
  <div class='faq'><h3>Will this work on mixed equipment?</h3><p>Yes. We support multi-brand displays and ISOBUS so your existing fleet can be integrated.</p></div><div class='faq'><h3>How soon can I see ROI?</h3><p>Most farms see measurable gains within a season once guidance, application, and data workflows are aligned.</p></div><div class='faq'><h3>Do you offer in-field setup?</h3><p>Yes. We provide audit, install, calibration, and a follow‑up validation pass in season.</p></div>
</section>

<script type=""application/ld+json"">
{
  ""@context"": ""https://schema.org"",
  ""@type"": ""Article"",
  ""headline"": ""On The Road Again Tradeshow Recap"",
  ""about"": [
    ""Precision Ag Strategy""
  ],
  ""isBasedOn"": ""https://ptxtrimble.com/en/blog/on-the-road-again-tradeshow-recap"",
  ""datePublished"": ""2025-08-19"",
  ""author"": {
    ""@type"": ""Organization"",
    ""name"": ""[Dealer Name]""
  },
  ""publisher"": {
    ""@type"": ""Organization"",
    ""name"": ""[Dealer Name]""
  },
  ""mainEntityOfPage"": ""/resources/on-the-road-again-tradeshow-recap.html"",
  ""keywords"": ""Precision Ag Strategy""
}
</script>
",/contact;/services/precision-ag;/resources/planter-maintenance-guide,https://www.precisionplanting.com/resources;https://www.precisionplanting.com/products
Article (Rewritten),https://ptxtrimble.com/en/blog/enhance-performance-older-machines-precision-ag,enhance-performance-older-machines-precision-ag,Enhance Performance Older Machines Precision Ag,Enhance Performance Older Machines Precision Ag | Local Insights & How-To | [Dealer Name],"Actionable, dealer-written take on enhance performance older machines precision ag—with steps, KPIs, and links to Precision Planting resources.","enhance, performance, older, machines, precision, ag, precision agriculture, farm technology, ptx trimble",Precision Ag Strategy,"https://source.unsplash.com/1600x900/?enhance+performance+older+machines+precision,farm",Enhance Performance Older Machines Precision Ag — agriculture scene,"<!-- rewritten from https://ptxtrimble.com/en/blog/enhance-performance-older-machines-precision-ag -->
<section class=""intro"">
  <p class=""eyebrow"">Precision Ag Strategy</p>
  <h1>Enhance Performance Older Machines Precision Ag — Dealer Insights</h1>
  <p>Enhance Performance Older Machines Precision Ag: practical insights and step-by-step actions for growers, with a local dealer perspective.</p>
</section>

<section id=""key-points"">
  <h2>Key Takeaways</h2>
  <ul>
    <li>Why it matters: clear benefits to uptime, accuracy, and profitability.</li>
    <li>What to watch: common mistakes we fix during audits.</li>
    <li>How to implement: practical steps with measurable KPIs.</li>
  </ul>
</section>

<section id=""implementation"">
  <h2>Implementation Playbook</h2>
  <ol><li>On‑farm assessment of equipment, software, and data flows</li><li>Targeted upgrades or calibrations that move the KPI needle</li><li>Display and cloud setup with role‑based workflows</li><li>Field validation pass and tweaks under real conditions</li><li>Season review and continuous improvement plan</li></ol>
</section>

<section id=""local-perspective"">
  <h2>Local Perspective</h2>
  <p>Conditions vary by soil, residue, and weather. We tailor settings and workflows for your fields, your implements, and your team—so the tech does the work, not you.</p>
</section>

<section id=""links"">
  <h2>Helpful Links</h2>
  <h3>Internal</h3>
  <ul><li><a href='/contact'>/contact</a></li><li><a href='/services/precision-ag'>/services/precision-ag</a></li><li><a href='/resources/planter-maintenance-guide'>/resources/planter-maintenance-guide</a></li></ul>
  <h3>External (Precision Planting)</h3>
  <ul><li><a href='https://www.precisionplanting.com/resources' rel='noopener nofollow'>https://www.precisionplanting.com/resources</a></li><li><a href='https://www.precisionplanting.com/products' rel='noopener nofollow'>https://www.precisionplanting.com/products</a></li></ul>
</section>

<section id=""faq"">
  <h2>FAQ</h2>
  <div class='faq'><h3>Will this work on mixed equipment?</h3><p>Yes. We support multi-brand displays and ISOBUS so your existing fleet can be integrated.</p></div><div class='faq'><h3>How soon can I see ROI?</h3><p>Most farms see measurable gains within a season once guidance, application, and data workflows are aligned.</p></div><div class='faq'><h3>Do you offer in-field setup?</h3><p>Yes. We provide audit, install, calibration, and a follow‑up validation pass in season.</p></div>
</section>

<script type=""application/ld+json"">
{
  ""@context"": ""https://schema.org"",
  ""@type"": ""Article"",
  ""headline"": ""Enhance Performance Older Machines Precision Ag"",
  ""about"": [
    ""Precision Ag Strategy""
  ],
  ""isBasedOn"": ""https://ptxtrimble.com/en/blog/enhance-performance-older-machines-precision-ag"",
  ""datePublished"": ""2025-08-19"",
  ""author"": {
    ""@type"": ""Organization"",
    ""name"": ""[Dealer Name]""
  },
  ""publisher"": {
    ""@type"": ""Organization"",
    ""name"": ""[Dealer Name]""
  },
  ""mainEntityOfPage"": ""/resources/enhance-performance-older-machines-precision-ag.html"",
  ""keywords"": ""Precision Ag Strategy""
}
</script>
",/contact;/services/precision-ag;/resources/planter-maintenance-guide,https://www.precisionplanting.com/resources;https://www.precisionplanting.com/products
Article (Rewritten),https://ptxtrimble.com/en/blog/what-is-isobus-how-to-use-isobus-on-my-farm,what-is-isobus-how-to-use-isobus-on-my-farm,What Is ISOBUS How To Use ISOBUS On My Farm,What Is ISOBUS How To Use ISOBUS On My Farm | Local Insights & How-To | [Dealer Name],"Actionable, dealer-written take on what is isobus how to use isobus on my farm—with steps, KPIs, and links to Precision Planting resources.","what, is, isobus, how, to, use, on, my, farm, precision agriculture, farm technology, ptx trimble",Data Management & Displays,"https://source.unsplash.com/1600x900/?what+isobus+how+use+isobus,farm",What Is ISOBUS How To Use ISOBUS On My Farm — agriculture scene,"<!-- rewritten from https://ptxtrimble.com/en/blog/what-is-isobus-how-to-use-isobus-on-my-farm -->
<section class=""intro"">
  <p class=""eyebrow"">Data Management & Displays</p>
  <h1>What Is ISOBUS How To Use ISOBUS On My Farm — Dealer Insights</h1>
  <p>What Is ISOBUS How To Use ISOBUS On My Farm: practical insights and step-by-step actions for growers, with a local dealer perspective.</p>
</section>

<section id=""key-points"">
  <h2>Key Takeaways</h2>
  <ul>
    <li>Why it matters: clear benefits to uptime, accuracy, and profitability.</li>
    <li>What to watch: common mistakes we fix during audits.</li>
    <li>How to implement: practical steps with measurable KPIs.</li>
  </ul>
</section>

<section id=""implementation"">
  <h2>Implementation Playbook</h2>
  <ol><li>On‑farm assessment of equipment, software, and data flows</li><li>Targeted upgrades or calibrations that move the KPI needle</li><li>Display and cloud setup with role‑based workflows</li><li>Field validation pass and tweaks under real conditions</li><li>Season review and continuous improvement plan</li></ol>
</section>

<section id=""local-perspective"">
  <h2>Local Perspective</h2>
  <p>Conditions vary by soil, residue, and weather. We tailor settings and workflows for your fields, your implements, and your team—so the tech does the work, not you.</p>
</section>

<section id=""links"">
  <h2>Helpful Links</h2>
  <h3>Internal</h3>
  <ul><li><a href='/contact'>/contact</a></li><li><a href='/services/precision-ag'>/services/precision-ag</a></li><li><a href='/resources/planter-maintenance-guide'>/resources/planter-maintenance-guide</a></li></ul>
  <h3>External (Precision Planting)</h3>
  <ul><li><a href='https://www.precisionplanting.com/resources' rel='noopener nofollow'>https://www.precisionplanting.com/resources</a></li><li><a href='https://www.precisionplanting.com/products' rel='noopener nofollow'>https://www.precisionplanting.com/products</a></li></ul>
</section>

<section id=""faq"">
  <h2>FAQ</h2>
  <div class='faq'><h3>Will this work on mixed equipment?</h3><p>Yes. We support multi-brand displays and ISOBUS so your existing fleet can be integrated.</p></div><div class='faq'><h3>How soon can I see ROI?</h3><p>Most farms see measurable gains within a season once guidance, application, and data workflows are aligned.</p></div><div class='faq'><h3>Do you offer in-field setup?</h3><p>Yes. We provide audit, install, calibration, and a follow‑up validation pass in season.</p></div>
</section>

<script type=""application/ld+json"">
{
  ""@context"": ""https://schema.org"",
  ""@type"": ""Article"",
  ""headline"": ""What Is ISOBUS How To Use ISOBUS On My Farm"",
  ""about"": [
    ""Data Management & Displays""
  ],
  ""isBasedOn"": ""https://ptxtrimble.com/en/blog/what-is-isobus-how-to-use-isobus-on-my-farm"",
  ""datePublished"": ""2025-08-19"",
  ""author"": {
    ""@type"": ""Organization"",
    ""name"": ""[Dealer Name]""
  },
  ""publisher"": {
    ""@type"": ""Organization"",
    ""name"": ""[Dealer Name]""
  },
  ""mainEntityOfPage"": ""/resources/what-is-isobus-how-to-use-isobus-on-my-farm.html"",
  ""keywords"": ""Data Management & Displays""
}
</script>
",/contact;/services/precision-ag;/resources/planter-maintenance-guide,https://www.precisionplanting.com/resources;https://www.precisionplanting.com/products
Article (Rewritten),https://ptxtrimble.com/en/blog/what-you-need-to-know-about-gfx-350,what-you-need-to-know-about-gfx-350,What You Need To Know About GFX 350,What You Need To Know About GFX 350 | Local Insights & How-To | [Dealer Name],"Actionable, dealer-written take on what you need to know about gfx 350—with steps, KPIs, and links to Precision Planting resources.","what, you, need, to, know, about, gfx, 350, precision agriculture, farm technology, ptx trimble",Data Management & Displays,"https://source.unsplash.com/1600x900/?what+you+need+know+about,farm",What You Need To Know About GFX 350 — agriculture scene,"<!-- rewritten from https://ptxtrimble.com/en/blog/what-you-need-to-know-about-gfx-350 -->
<section class=""intro"">
  <p class=""eyebrow"">Data Management & Displays</p>
  <h1>What You Need To Know About GFX 350 — Dealer Insights</h1>
  <p>What You Need To Know About GFX 350: practical insights and step-by-step actions for growers, with a local dealer perspective.</p>
</section>

<section id=""key-points"">
  <h2>Key Takeaways</h2>
  <ul>
    <li>Why it matters: clear benefits to uptime, accuracy, and profitability.</li>
    <li>What to watch: common mistakes we fix during audits.</li>
    <li>How to implement: practical steps with measurable KPIs.</li>
  </ul>
</section>

<section id=""implementation"">
  <h2>Implementation Playbook</h2>
  <ol><li>On‑farm assessment of equipment, software, and data flows</li><li>Targeted upgrades or calibrations that move the KPI needle</li><li>Display and cloud setup with role‑based workflows</li><li>Field validation pass and tweaks under real conditions</li><li>Season review and continuous improvement plan</li></ol>
</section>

<section id=""local-perspective"">
  <h2>Local Perspective</h2>
  <p>Conditions vary by soil, residue, and weather. We tailor settings and workflows for your fields, your implements, and your team—so the tech does the work, not you.</p>
</section>

<section id=""links"">
  <h2>Helpful Links</h2>
  <h3>Internal</h3>
  <ul><li><a href='/contact'>/contact</a></li><li><a href='/services/precision-ag'>/services/precision-ag</a></li><li><a href='/resources/planter-maintenance-guide'>/resources/planter-maintenance-guide</a></li></ul>
  <h3>External (Precision Planting)</h3>
  <ul><li><a href='https://www.precisionplanting.com/resources' rel='noopener nofollow'>https://www.precisionplanting.com/resources</a></li><li><a href='https://www.precisionplanting.com/products' rel='noopener nofollow'>https://www.precisionplanting.com/products</a></li></ul>
</section>

<section id=""faq"">
  <h2>FAQ</h2>
  <div class='faq'><h3>Will this work on mixed equipment?</h3><p>Yes. We support multi-brand displays and ISOBUS so your existing fleet can be integrated.</p></div><div class='faq'><h3>How soon can I see ROI?</h3><p>Most farms see measurable gains within a season once guidance, application, and data workflows are aligned.</p></div><div class='faq'><h3>Do you offer in-field setup?</h3><p>Yes. We provide audit, install, calibration, and a follow‑up validation pass in season.</p></div>
</section>

<script type=""application/ld+json"">
{
  ""@context"": ""https://schema.org"",
  ""@type"": ""Article"",
  ""headline"": ""What You Need To Know About GFX 350"",
  ""about"": [
    ""Data Management & Displays""
  ],
  ""isBasedOn"": ""https://ptxtrimble.com/en/blog/what-you-need-to-know-about-gfx-350"",
  ""datePublished"": ""2025-08-19"",
  ""author"": {
    ""@type"": ""Organization"",
    ""name"": ""[Dealer Name]""
  },
  ""publisher"": {
    ""@type"": ""Organization"",
    ""name"": ""[Dealer Name]""
  },
  ""mainEntityOfPage"": ""/resources/what-you-need-to-know-about-gfx-350.html"",
  ""keywords"": ""Data Management & Displays""
}
</script>
",/contact;/services/precision-ag;/resources/planter-maintenance-guide,https://www.precisionplanting.com/resources;https://www.precisionplanting.com/products
Article (Rewritten),https://ptxtrimble.com/en/blog/why-nutrient-management-matters,why-nutrient-management-matters,Why Nutrient Management Matters,Why Nutrient Management Matters | Local Insights & How-To | [Dealer Name],"Actionable, dealer-written take on why nutrient management matters—with steps, KPIs, and links to Precision Planting resources.","why, nutrient, management, matters, precision agriculture, farm technology, ptx trimble",Soil & Nutrition,"https://source.unsplash.com/1600x900/?why+nutrient+management+matters,farm",Why Nutrient Management Matters — agriculture scene,"<!-- rewritten from https://ptxtrimble.com/en/blog/why-nutrient-management-matters -->
<section class=""intro"">
  <p class=""eyebrow"">Soil & Nutrition</p>
  <h1>Why Nutrient Management Matters — Dealer Insights</h1>
  <p>Why Nutrient Management Matters: practical insights and step-by-step actions for growers, with a local dealer perspective.</p>
</section>

<section id=""key-points"">
  <h2>Key Takeaways</h2>
  <ul>
    <li>Why it matters: clear benefits to uptime, accuracy, and profitability.</li>
    <li>What to watch: common mistakes we fix during audits.</li>
    <li>How to implement: practical steps with measurable KPIs.</li>
  </ul>
</section>

<section id=""implementation"">
  <h2>Implementation Playbook</h2>
  <ol><li>On‑farm assessment of equipment, software, and data flows</li><li>Targeted upgrades or calibrations that move the KPI needle</li><li>Display and cloud setup with role‑based workflows</li><li>Field validation pass and tweaks under real conditions</li><li>Season review and continuous improvement plan</li></ol>
</section>

<section id=""local-perspective"">
  <h2>Local Perspective</h2>
  <p>Conditions vary by soil, residue, and weather. We tailor settings and workflows for your fields, your implements, and your team—so the tech does the work, not you.</p>
</section>

<section id=""links"">
  <h2>Helpful Links</h2>
  <h3>Internal</h3>
  <ul><li><a href='/contact'>/contact</a></li><li><a href='/services/precision-ag'>/services/precision-ag</a></li><li><a href='/resources/planter-maintenance-guide'>/resources/planter-maintenance-guide</a></li></ul>
  <h3>External (Precision Planting)</h3>
  <ul><li><a href='https://www.precisionplanting.com/resources' rel='noopener nofollow'>https://www.precisionplanting.com/resources</a></li><li><a href='https://www.precisionplanting.com/products' rel='noopener nofollow'>https://www.precisionplanting.com/products</a></li></ul>
</section>

<section id=""faq"">
  <h2>FAQ</h2>
  <div class='faq'><h3>Will this work on mixed equipment?</h3><p>Yes. We support multi-brand displays and ISOBUS so your existing fleet can be integrated.</p></div><div class='faq'><h3>How soon can I see ROI?</h3><p>Most farms see measurable gains within a season once guidance, application, and data workflows are aligned.</p></div><div class='faq'><h3>Do you offer in-field setup?</h3><p>Yes. We provide audit, install, calibration, and a follow‑up validation pass in season.</p></div>
</section>

<script type=""application/ld+json"">
{
  ""@context"": ""https://schema.org"",
  ""@type"": ""Article"",
  ""headline"": ""Why Nutrient Management Matters"",
  ""about"": [
    ""Soil & Nutrition""
  ],
  ""isBasedOn"": ""https://ptxtrimble.com/en/blog/why-nutrient-management-matters"",
  ""datePublished"": ""2025-08-19"",
  ""author"": {
    ""@type"": ""Organization"",
    ""name"": ""[Dealer Name]""
  },
  ""publisher"": {
    ""@type"": ""Organization"",
    ""name"": ""[Dealer Name]""
  },
  ""mainEntityOfPage"": ""/resources/why-nutrient-management-matters.html"",
  ""keywords"": ""Soil & Nutrition""
}
</script>
",/contact;/services/precision-ag;/resources/planter-maintenance-guide,https://www.precisionplanting.com/resources;https://www.precisionplanting.com/products
Article (Rewritten),https://ptxtrimble.com/en/blog/3-things-to-look-for-in-your-steering-system,3-things-to-look-for-in-your-steering-system,3 Things To Look For In Your Steering System,3 Things To Look For In Your Steering System | Local Insights & How-To | [Dealer Name],"Actionable, dealer-written take on 3 things to look for in your steering system—with steps, KPIs, and links to Precision Planting resources.","3, things, to, look, for, in, your, steering, system, precision agriculture, farm technology, ptx trimble",Fleet & Guidance,"https://source.unsplash.com/1600x900/?things+look+for+your+steering,farm",3 Things To Look For In Your Steering System — agriculture scene,"<!-- rewritten from https://ptxtrimble.com/en/blog/3-things-to-look-for-in-your-steering-system -->
<section class=""intro"">
  <p class=""eyebrow"">Fleet & Guidance</p>
  <h1>3 Things To Look For In Your Steering System — Dealer Insights</h1>
  <p>3 Things To Look For In Your Steering System: practical insights and step-by-step actions for growers, with a local dealer perspective.</p>
</section>

<section id=""key-points"">
  <h2>Key Takeaways</h2>
  <ul>
    <li>Why it matters: clear benefits to uptime, accuracy, and profitability.</li>
    <li>What to watch: common mistakes we fix during audits.</li>
    <li>How to implement: practical steps with measurable KPIs.</li>
  </ul>
</section>

<section id=""implementation"">
  <h2>Implementation Playbook</h2>
  <ol><li>On‑farm assessment of equipment, software, and data flows</li><li>Targeted upgrades or calibrations that move the KPI needle</li><li>Display and cloud setup with role‑based workflows</li><li>Field validation pass and tweaks under real conditions</li><li>Season review and continuous improvement plan</li></ol>
</section>

<section id=""local-perspective"">
  <h2>Local Perspective</h2>
  <p>Conditions vary by soil, residue, and weather. We tailor settings and workflows for your fields, your implements, and your team—so the tech does the work, not you.</p>
</section>

<section id=""links"">
  <h2>Helpful Links</h2>
  <h3>Internal</h3>
  <ul><li><a href='/contact'>/contact</a></li><li><a href='/services/precision-ag'>/services/precision-ag</a></li><li><a href='/resources/planter-maintenance-guide'>/resources/planter-maintenance-guide</a></li></ul>
  <h3>External (Precision Planting)</h3>
  <ul><li><a href='https://www.precisionplanting.com/resources' rel='noopener nofollow'>https://www.precisionplanting.com/resources</a></li><li><a href='https://www.precisionplanting.com/products' rel='noopener nofollow'>https://www.precisionplanting.com/products</a></li></ul>
</section>

<section id=""faq"">
  <h2>FAQ</h2>
  <div class='faq'><h3>Will this work on mixed equipment?</h3><p>Yes. We support multi-brand displays and ISOBUS so your existing fleet can be integrated.</p></div><div class='faq'><h3>How soon can I see ROI?</h3><p>Most farms see measurable gains within a season once guidance, application, and data workflows are aligned.</p></div><div class='faq'><h3>Do you offer in-field setup?</h3><p>Yes. We provide audit, install, calibration, and a follow‑up validation pass in season.</p></div>
</section>

<script type=""application/ld+json"">
{
  ""@context"": ""https://schema.org"",
  ""@type"": ""Article"",
  ""headline"": ""3 Things To Look For In Your Steering System"",
  ""about"": [
    ""Fleet & Guidance""
  ],
  ""isBasedOn"": ""https://ptxtrimble.com/en/blog/3-things-to-look-for-in-your-steering-system"",
  ""datePublished"": ""2025-08-19"",
  ""author"": {
    ""@type"": ""Organization"",
    ""name"": ""[Dealer Name]""
  },
  ""publisher"": {
    ""@type"": ""Organization"",
    ""name"": ""[Dealer Name]""
  },
  ""mainEntityOfPage"": ""/resources/3-things-to-look-for-in-your-steering-system.html"",
  ""keywords"": ""Fleet & Guidance""
}
</script>
",/contact;/services/precision-ag;/resources/planter-maintenance-guide,https://www.precisionplanting.com/resources;https://www.precisionplanting.com/products
Article (Rewritten),https://ptxtrimble.com/en/blog/3-level-headed-strategies-for-successful-water-management,3-level-headed-strategies-for-successful-water-management,3 Level Headed Strategies For Successful Water Management,3 Level Headed Strategies For Successful Water Management | Local Insights & How-To | [Dealer Name],"Actionable, dealer-written take on 3 level headed strategies for successful water management—with steps, KPIs, and links to Precision Planting resources.","3, level, headed, strategies, for, successful, water, management, precision agriculture, farm technology, ptx trimble",Water Management,"https://source.unsplash.com/1600x900/?level+headed+strategies+for+successful,farm",3 Level Headed Strategies For Successful Water Management — agriculture scene,"<!-- rewritten from https://ptxtrimble.com/en/blog/3-level-headed-strategies-for-successful-water-management -->
<section class=""intro"">
  <p class=""eyebrow"">Water Management</p>
  <h1>3 Level Headed Strategies For Successful Water Management — Dealer Insights</h1>
  <p>3 Level Headed Strategies For Successful Water Management: practical insights and step-by-step actions for growers, with a local dealer perspective.</p>
</section>

<section id=""key-points"">
  <h2>Key Takeaways</h2>
  <ul>
    <li>Why it matters: clear benefits to uptime, accuracy, and profitability.</li>
    <li>What to watch: common mistakes we fix during audits.</li>
    <li>How to implement: practical steps with measurable KPIs.</li>
  </ul>
</section>

<section id=""implementation"">
  <h2>Implementation Playbook</h2>
  <ol><li>On‑farm assessment of equipment, software, and data flows</li><li>Targeted upgrades or calibrations that move the KPI needle</li><li>Display and cloud setup with role‑based workflows</li><li>Field validation pass and tweaks under real conditions</li><li>Season review and continuous improvement plan</li></ol>
</section>

<section id=""local-perspective"">
  <h2>Local Perspective</h2>
  <p>Conditions vary by soil, residue, and weather. We tailor settings and workflows for your fields, your implements, and your team—so the tech does the work, not you.</p>
</section>

<section id=""links"">
  <h2>Helpful Links</h2>
  <h3>Internal</h3>
  <ul><li><a href='/contact'>/contact</a></li><li><a href='/services/precision-ag'>/services/precision-ag</a></li><li><a href='/resources/planter-maintenance-guide'>/resources/planter-maintenance-guide</a></li></ul>
  <h3>External (Precision Planting)</h3>
  <ul><li><a href='https://www.precisionplanting.com/resources' rel='noopener nofollow'>https://www.precisionplanting.com/resources</a></li><li><a href='https://www.precisionplanting.com/products' rel='noopener nofollow'>https://www.precisionplanting.com/products</a></li></ul>
</section>

<section id=""faq"">
  <h2>FAQ</h2>
  <div class='faq'><h3>Will this work on mixed equipment?</h3><p>Yes. We support multi-brand displays and ISOBUS so your existing fleet can be integrated.</p></div><div class='faq'><h3>How soon can I see ROI?</h3><p>Most farms see measurable gains within a season once guidance, application, and data workflows are aligned.</p></div><div class='faq'><h3>Do you offer in-field setup?</h3><p>Yes. We provide audit, install, calibration, and a follow‑up validation pass in season.</p></div>
</section>

<script type=""application/ld+json"">
{
  ""@context"": ""https://schema.org"",
  ""@type"": ""Article"",
  ""headline"": ""3 Level Headed Strategies For Successful Water Management"",
  ""about"": [
    ""Water Management""
  ],
  ""isBasedOn"": ""https://ptxtrimble.com/en/blog/3-level-headed-strategies-for-successful-water-management"",
  ""datePublished"": ""2025-08-19"",
  ""author"": {
    ""@type"": ""Organization"",
    ""name"": ""[Dealer Name]""
  },
  ""publisher"": {
    ""@type"": ""Organization"",
    ""name"": ""[Dealer Name]""
  },
  ""mainEntityOfPage"": ""/resources/3-level-headed-strategies-for-successful-water-management.html"",
  ""keywords"": ""Water Management""
}
</script>
",/contact;/services/precision-ag;/resources/planter-maintenance-guide,https://www.precisionplanting.com/resources;https://www.precisionplanting.com/products
Article (Rewritten),https://ptxtrimble.com/en/blog/how-to-calculate-farm-savings,how-to-calculate-farm-savings,How To Calculate Farm Savings,How To Calculate Farm Savings | Local Insights & How-To | [Dealer Name],"Actionable, dealer-written take on how to calculate farm savings—with steps, KPIs, and links to Precision Planting resources.","how, to, calculate, farm, savings, precision agriculture, farm technology, ptx trimble",Precision Ag Strategy,"https://source.unsplash.com/1600x900/?how+calculate+farm+savings,farm",How To Calculate Farm Savings — agriculture scene,"<!-- rewritten from https://ptxtrimble.com/en/blog/how-to-calculate-farm-savings -->
<section class=""intro"">
  <p class=""eyebrow"">Precision Ag Strategy</p>
  <h1>How To Calculate Farm Savings — Dealer Insights</h1>
  <p>How To Calculate Farm Savings: practical insights and step-by-step actions for growers, with a local dealer perspective.</p>
</section>

<section id=""key-points"">
  <h2>Key Takeaways</h2>
  <ul>
    <li>Why it matters: clear benefits to uptime, accuracy, and profitability.</li>
    <li>What to watch: common mistakes we fix during audits.</li>
    <li>How to implement: practical steps with measurable KPIs.</li>
  </ul>
</section>

<section id=""implementation"">
  <h2>Implementation Playbook</h2>
  <ol><li>On‑farm assessment of equipment, software, and data flows</li><li>Targeted upgrades or calibrations that move the KPI needle</li><li>Display and cloud setup with role‑based workflows</li><li>Field validation pass and tweaks under real conditions</li><li>Season review and continuous improvement plan</li></ol>
</section>

<section id=""local-perspective"">
  <h2>Local Perspective</h2>
  <p>Conditions vary by soil, residue, and weather. We tailor settings and workflows for your fields, your implements, and your team—so the tech does the work, not you.</p>
</section>

<section id=""links"">
  <h2>Helpful Links</h2>
  <h3>Internal</h3>
  <ul><li><a href='/contact'>/contact</a></li><li><a href='/services/precision-ag'>/services/precision-ag</a></li><li><a href='/resources/planter-maintenance-guide'>/resources/planter-maintenance-guide</a></li></ul>
  <h3>External (Precision Planting)</h3>
  <ul><li><a href='https://www.precisionplanting.com/resources' rel='noopener nofollow'>https://www.precisionplanting.com/resources</a></li><li><a href='https://www.precisionplanting.com/products' rel='noopener nofollow'>https://www.precisionplanting.com/products</a></li></ul>
</section>

<section id=""faq"">
  <h2>FAQ</h2>
  <div class='faq'><h3>Will this work on mixed equipment?</h3><p>Yes. We support multi-brand displays and ISOBUS so your existing fleet can be integrated.</p></div><div class='faq'><h3>How soon can I see ROI?</h3><p>Most farms see measurable gains within a season once guidance, application, and data workflows are aligned.</p></div><div class='faq'><h3>Do you offer in-field setup?</h3><p>Yes. We provide audit, install, calibration, and a follow‑up validation pass in season.</p></div>
</section>

<script type=""application/ld+json"">
{
  ""@context"": ""https://schema.org"",
  ""@type"": ""Article"",
  ""headline"": ""How To Calculate Farm Savings"",
  ""about"": [
    ""Precision Ag Strategy""
  ],
  ""isBasedOn"": ""https://ptxtrimble.com/en/blog/how-to-calculate-farm-savings"",
  ""datePublished"": ""2025-08-19"",
  ""author"": {
    ""@type"": ""Organization"",
    ""name"": ""[Dealer Name]""
  },
  ""publisher"": {
    ""@type"": ""Organization"",
    ""name"": ""[Dealer Name]""
  },
  ""mainEntityOfPage"": ""/resources/how-to-calculate-farm-savings.html"",
  ""keywords"": ""Precision Ag Strategy""
}
</script>
",/contact;/services/precision-ag;/resources/planter-maintenance-guide,https://www.precisionplanting.com/resources;https://www.precisionplanting.com/products
Article (Rewritten),https://ptxtrimble.com/en/blog/top-10-precision-ag-trends-to-watch-in-2022,top-10-precision-ag-trends-to-watch-in-2022,Top 10 Precision Ag Trends To Watch In 2022,Top 10 Precision Ag Trends To Watch In 2022 | Local Insights & How-To | [Dealer Name],"Actionable, dealer-written take on top 10 precision ag trends to watch in 2022—with steps, KPIs, and links to Precision Planting resources.","top, 10, precision, ag, trends, to, watch, in, 2022, precision agriculture, farm technology, ptx trimble",Precision Ag Strategy,"https://source.unsplash.com/1600x900/?top+precision+trends+watch+2022,farm",Top 10 Precision Ag Trends To Watch In 2022 — agriculture scene,"<!-- rewritten from https://ptxtrimble.com/en/blog/top-10-precision-ag-trends-to-watch-in-2022 -->
<section class=""intro"">
  <p class=""eyebrow"">Precision Ag Strategy</p>
  <h1>Top 10 Precision Ag Trends To Watch In 2022 — Dealer Insights</h1>
  <p>Top 10 Precision Ag Trends To Watch In 2022: practical insights and step-by-step actions for growers, with a local dealer perspective.</p>
</section>

<section id=""key-points"">
  <h2>Key Takeaways</h2>
  <ul>
    <li>Why it matters: clear benefits to uptime, accuracy, and profitability.</li>
    <li>What to watch: common mistakes we fix during audits.</li>
    <li>How to implement: practical steps with measurable KPIs.</li>
  </ul>
</section>

<section id=""implementation"">
  <h2>Implementation Playbook</h2>
  <ol><li>On‑farm assessment of equipment, software, and data flows</li><li>Targeted upgrades or calibrations that move the KPI needle</li><li>Display and cloud setup with role‑based workflows</li><li>Field validation pass and tweaks under real conditions</li><li>Season review and continuous improvement plan</li></ol>
</section>

<section id=""local-perspective"">
  <h2>Local Perspective</h2>
  <p>Conditions vary by soil, residue, and weather. We tailor settings and workflows for your fields, your implements, and your team—so the tech does the work, not you.</p>
</section>

<section id=""links"">
  <h2>Helpful Links</h2>
  <h3>Internal</h3>
  <ul><li><a href='/contact'>/contact</a></li><li><a href='/services/precision-ag'>/services/precision-ag</a></li><li><a href='/resources/planter-maintenance-guide'>/resources/planter-maintenance-guide</a></li></ul>
  <h3>External (Precision Planting)</h3>
  <ul><li><a href='https://www.precisionplanting.com/resources' rel='noopener nofollow'>https://www.precisionplanting.com/resources</a></li><li><a href='https://www.precisionplanting.com/products' rel='noopener nofollow'>https://www.precisionplanting.com/products</a></li></ul>
</section>

<section id=""faq"">
  <h2>FAQ</h2>
  <div class='faq'><h3>Will this work on mixed equipment?</h3><p>Yes. We support multi-brand displays and ISOBUS so your existing fleet can be integrated.</p></div><div class='faq'><h3>How soon can I see ROI?</h3><p>Most farms see measurable gains within a season once guidance, application, and data workflows are aligned.</p></div><div class='faq'><h3>Do you offer in-field setup?</h3><p>Yes. We provide audit, install, calibration, and a follow‑up validation pass in season.</p></div>
</section>

<script type=""application/ld+json"">
{
  ""@context"": ""https://schema.org"",
  ""@type"": ""Article"",
  ""headline"": ""Top 10 Precision Ag Trends To Watch In 2022"",
  ""about"": [
    ""Precision Ag Strategy""
  ],
  ""isBasedOn"": ""https://ptxtrimble.com/en/blog/top-10-precision-ag-trends-to-watch-in-2022"",
  ""datePublished"": ""2025-08-19"",
  ""author"": {
    ""@type"": ""Organization"",
    ""name"": ""[Dealer Name]""
  },
  ""publisher"": {
    ""@type"": ""Organization"",
    ""name"": ""[Dealer Name]""
  },
  ""mainEntityOfPage"": ""/resources/top-10-precision-ag-trends-to-watch-in-2022.html"",
  ""keywords"": ""Precision Ag Strategy""
}
</script>
",/contact;/services/precision-ag;/resources/planter-maintenance-guide,https://www.precisionplanting.com/resources;https://www.precisionplanting.com/products
Article (Rewritten),https://ptxtrimble.com/en/blog/precision-ag-repreatable-accuracy,precision-ag-repreatable-accuracy,Precision Ag Repreatable Accuracy,Precision Ag Repreatable Accuracy | Local Insights & How-To | [Dealer Name],"Actionable, dealer-written take on precision ag repreatable accuracy—with steps, KPIs, and links to Precision Planting resources.","precision, ag, repreatable, accuracy, precision agriculture, farm technology, ptx trimble",Precision Ag Strategy,"https://source.unsplash.com/1600x900/?precision+repreatable+accuracy,farm",Precision Ag Repreatable Accuracy — agriculture scene,"<!-- rewritten from https://ptxtrimble.com/en/blog/precision-ag-repreatable-accuracy -->
<section class=""intro"">
  <p class=""eyebrow"">Precision Ag Strategy</p>
  <h1>Precision Ag Repreatable Accuracy — Dealer Insights</h1>
  <p>Precision Ag Repreatable Accuracy: practical insights and step-by-step actions for growers, with a local dealer perspective.</p>
</section>

<section id=""key-points"">
  <h2>Key Takeaways</h2>
  <ul>
    <li>Why it matters: clear benefits to uptime, accuracy, and profitability.</li>
    <li>What to watch: common mistakes we fix during audits.</li>
    <li>How to implement: practical steps with measurable KPIs.</li>
  </ul>
</section>

<section id=""implementation"">
  <h2>Implementation Playbook</h2>
  <ol><li>On‑farm assessment of equipment, software, and data flows</li><li>Targeted upgrades or calibrations that move the KPI needle</li><li>Display and cloud setup with role‑based workflows</li><li>Field validation pass and tweaks under real conditions</li><li>Season review and continuous improvement plan</li></ol>
</section>

<section id=""local-perspective"">
  <h2>Local Perspective</h2>
  <p>Conditions vary by soil, residue, and weather. We tailor settings and workflows for your fields, your implements, and your team—so the tech does the work, not you.</p>
</section>

<section id=""links"">
  <h2>Helpful Links</h2>
  <h3>Internal</h3>
  <ul><li><a href='/contact'>/contact</a></li><li><a href='/services/precision-ag'>/services/precision-ag</a></li><li><a href='/resources/planter-maintenance-guide'>/resources/planter-maintenance-guide</a></li></ul>
  <h3>External (Precision Planting)</h3>
  <ul><li><a href='https://www.precisionplanting.com/resources' rel='noopener nofollow'>https://www.precisionplanting.com/resources</a></li><li><a href='https://www.precisionplanting.com/products' rel='noopener nofollow'>https://www.precisionplanting.com/products</a></li></ul>
</section>

<section id=""faq"">
  <h2>FAQ</h2>
  <div class='faq'><h3>Will this work on mixed equipment?</h3><p>Yes. We support multi-brand displays and ISOBUS so your existing fleet can be integrated.</p></div><div class='faq'><h3>How soon can I see ROI?</h3><p>Most farms see measurable gains within a season once guidance, application, and data workflows are aligned.</p></div><div class='faq'><h3>Do you offer in-field setup?</h3><p>Yes. We provide audit, install, calibration, and a follow‑up validation pass in season.</p></div>
</section>

<script type=""application/ld+json"">
{
  ""@context"": ""https://schema.org"",
  ""@type"": ""Article"",
  ""headline"": ""Precision Ag Repreatable Accuracy"",
  ""about"": [
    ""Precision Ag Strategy""
  ],
  ""isBasedOn"": ""https://ptxtrimble.com/en/blog/precision-ag-repreatable-accuracy"",
  ""datePublished"": ""2025-08-19"",
  ""author"": {
    ""@type"": ""Organization"",
    ""name"": ""[Dealer Name]""
  },
  ""publisher"": {
    ""@type"": ""Organization"",
    ""name"": ""[Dealer Name]""
  },
  ""mainEntityOfPage"": ""/resources/precision-ag-repreatable-accuracy.html"",
  ""keywords"": ""Precision Ag Strategy""
}
</script>
",/contact;/services/precision-ag;/resources/planter-maintenance-guide,https://www.precisionplanting.com/resources;https://www.precisionplanting.com/products
Article (Rewritten),https://ptxtrimble.com/en/blog/enhance-your-equipment-with-precision-ag,enhance-your-equipment-with-precision-ag,Enhance Your Equipment With Precision Ag,Enhance Your Equipment With Precision Ag | Local Insights & How-To | [Dealer Name],"Actionable, dealer-written take on enhance your equipment with precision ag—with steps, KPIs, and links to Precision Planting resources.","enhance, your, equipment, with, precision, ag, precision agriculture, farm technology, ptx trimble",Precision Ag Strategy,"https://source.unsplash.com/1600x900/?enhance+your+equipment+with+precision,farm",Enhance Your Equipment With Precision Ag — agriculture scene,"<!-- rewritten from https://ptxtrimble.com/en/blog/enhance-your-equipment-with-precision-ag -->
<section class=""intro"">
  <p class=""eyebrow"">Precision Ag Strategy</p>
  <h1>Enhance Your Equipment With Precision Ag — Dealer Insights</h1>
  <p>Enhance Your Equipment With Precision Ag: practical insights and step-by-step actions for growers, with a local dealer perspective.</p>
</section>

<section id=""key-points"">
  <h2>Key Takeaways</h2>
  <ul>
    <li>Why it matters: clear benefits to uptime, accuracy, and profitability.</li>
    <li>What to watch: common mistakes we fix during audits.</li>
    <li>How to implement: practical steps with measurable KPIs.</li>
  </ul>
</section>

<section id=""implementation"">
  <h2>Implementation Playbook</h2>
  <ol><li>On‑farm assessment of equipment, software, and data flows</li><li>Targeted upgrades or calibrations that move the KPI needle</li><li>Display and cloud setup with role‑based workflows</li><li>Field validation pass and tweaks under real conditions</li><li>Season review and continuous improvement plan</li></ol>
</section>

<section id=""local-perspective"">
  <h2>Local Perspective</h2>
  <p>Conditions vary by soil, residue, and weather. We tailor settings and workflows for your fields, your implements, and your team—so the tech does the work, not you.</p>
</section>

<section id=""links"">
  <h2>Helpful Links</h2>
  <h3>Internal</h3>
  <ul><li><a href='/contact'>/contact</a></li><li><a href='/services/precision-ag'>/services/precision-ag</a></li><li><a href='/resources/planter-maintenance-guide'>/resources/planter-maintenance-guide</a></li></ul>
  <h3>External (Precision Planting)</h3>
  <ul><li><a href='https://www.precisionplanting.com/resources' rel='noopener nofollow'>https://www.precisionplanting.com/resources</a></li><li><a href='https://www.precisionplanting.com/products' rel='noopener nofollow'>https://www.precisionplanting.com/products</a></li></ul>
</section>

<section id=""faq"">
  <h2>FAQ</h2>
  <div class='faq'><h3>Will this work on mixed equipment?</h3><p>Yes. We support multi-brand displays and ISOBUS so your existing fleet can be integrated.</p></div><div class='faq'><h3>How soon can I see ROI?</h3><p>Most farms see measurable gains within a season once guidance, application, and data workflows are aligned.</p></div><div class='faq'><h3>Do you offer in-field setup?</h3><p>Yes. We provide audit, install, calibration, and a follow‑up validation pass in season.</p></div>
</section>

<script type=""application/ld+json"">
{
  ""@context"": ""https://schema.org"",
  ""@type"": ""Article"",
  ""headline"": ""Enhance Your Equipment With Precision Ag"",
  ""about"": [
    ""Precision Ag Strategy""
  ],
  ""isBasedOn"": ""https://ptxtrimble.com/en/blog/enhance-your-equipment-with-precision-ag"",
  ""datePublished"": ""2025-08-19"",
  ""author"": {
    ""@type"": ""Organization"",
    ""name"": ""[Dealer Name]""
  },
  ""publisher"": {
    ""@type"": ""Organization"",
    ""name"": ""[Dealer Name]""
  },
  ""mainEntityOfPage"": ""/resources/enhance-your-equipment-with-precision-ag.html"",
  ""keywords"": ""Precision Ag Strategy""
}
</script>
",/contact;/services/precision-ag;/resources/planter-maintenance-guide,https://www.precisionplanting.com/resources;https://www.precisionplanting.com/products
Article (Rewritten),https://ptxtrimble.com/en/blog/womens-history-month-the-women-behind-trimble-agriculture,womens-history-month-the-women-behind-trimble-agriculture,Womens History Month The Women Behind Trimble Agriculture,Womens History Month The Women Behind Trimble Agriculture | Local Insights & How-To | [Dealer Name],"Actionable, dealer-written take on womens history month the women behind trimble agriculture—with steps, KPIs, and links to Precision Planting resources.","womens, history, month, the, women, behind, trimble, agriculture, precision agriculture, farm technology, ptx trimble",Precision Ag Strategy,"https://source.unsplash.com/1600x900/?womens+history+month+the+women,farm",Womens History Month The Women Behind Trimble Agriculture — agriculture scene,"<!-- rewritten from https://ptxtrimble.com/en/blog/womens-history-month-the-women-behind-trimble-agriculture -->
<section class=""intro"">
  <p class=""eyebrow"">Precision Ag Strategy</p>
  <h1>Womens History Month The Women Behind Trimble Agriculture — Dealer Insights</h1>
  <p>Womens History Month The Women Behind Trimble Agriculture: practical insights and step-by-step actions for growers, with a local dealer perspective.</p>
</section>

<section id=""key-points"">
  <h2>Key Takeaways</h2>
  <ul>
    <li>Why it matters: clear benefits to uptime, accuracy, and profitability.</li>
    <li>What to watch: common mistakes we fix during audits.</li>
    <li>How to implement: practical steps with measurable KPIs.</li>
  </ul>
</section>

<section id=""implementation"">
  <h2>Implementation Playbook</h2>
  <ol><li>On‑farm assessment of equipment, software, and data flows</li><li>Targeted upgrades or calibrations that move the KPI needle</li><li>Display and cloud setup with role‑based workflows</li><li>Field validation pass and tweaks under real conditions</li><li>Season review and continuous improvement plan</li></ol>
</section>

<section id=""local-perspective"">
  <h2>Local Perspective</h2>
  <p>Conditions vary by soil, residue, and weather. We tailor settings and workflows for your fields, your implements, and your team—so the tech does the work, not you.</p>
</section>

<section id=""links"">
  <h2>Helpful Links</h2>
  <h3>Internal</h3>
  <ul><li><a href='/contact'>/contact</a></li><li><a href='/services/precision-ag'>/services/precision-ag</a></li><li><a href='/resources/planter-maintenance-guide'>/resources/planter-maintenance-guide</a></li></ul>
  <h3>External (Precision Planting)</h3>
  <ul><li><a href='https://www.precisionplanting.com/resources' rel='noopener nofollow'>https://www.precisionplanting.com/resources</a></li><li><a href='https://www.precisionplanting.com/products' rel='noopener nofollow'>https://www.precisionplanting.com/products</a></li></ul>
</section>

<section id=""faq"">
  <h2>FAQ</h2>
  <div class='faq'><h3>Will this work on mixed equipment?</h3><p>Yes. We support multi-brand displays and ISOBUS so your existing fleet can be integrated.</p></div><div class='faq'><h3>How soon can I see ROI?</h3><p>Most farms see measurable gains within a season once guidance, application, and data workflows are aligned.</p></div><div class='faq'><h3>Do you offer in-field setup?</h3><p>Yes. We provide audit, install, calibration, and a follow‑up validation pass in season.</p></div>
</section>

<script type=""application/ld+json"">
{
  ""@context"": ""https://schema.org"",
  ""@type"": ""Article"",
  ""headline"": ""Womens History Month The Women Behind Trimble Agriculture"",
  ""about"": [
    ""Precision Ag Strategy""
  ],
  ""isBasedOn"": ""https://ptxtrimble.com/en/blog/womens-history-month-the-women-behind-trimble-agriculture"",
  ""datePublished"": ""2025-08-19"",
  ""author"": {
    ""@type"": ""Organization"",
    ""name"": ""[Dealer Name]""
  },
  ""publisher"": {
    ""@type"": ""Organization"",
    ""name"": ""[Dealer Name]""
  },
  ""mainEntityOfPage"": ""/resources/womens-history-month-the-women-behind-trimble-agriculture.html"",
  ""keywords"": ""Precision Ag Strategy""
}
</script>
",/contact;/services/precision-ag;/resources/planter-maintenance-guide,https://www.precisionplanting.com/resources;https://www.precisionplanting.com/products
Article (Rewritten),https://ptxtrimble.com/en/blog/trimbles-darryl-matthews-sheds-light-on-the-future-of-canadian-agrifood-innovation,trimbles-darryl-matthews-sheds-light-on-the-future-of-canadian-agrifood-innovation,Trimbles Darryl Matthews Sheds Light On The Future Of Canadian Agrifood Innovation,Trimbles Darryl Matthews Sheds Light On The Future Of Canadian Agrifood Innovation | Local Insights & How-To | [Dealer Name],"Actionable, dealer-written take on trimbles darryl matthews sheds light on the future of canadian agrifood innovation—with steps, KPIs, and links to Precision Planting resources.","trimbles, darryl, matthews, sheds, light, on, the, future, of, canadian, agrifood, innovation",Precision Ag Strategy,"https://source.unsplash.com/1600x900/?trimbles+darryl+matthews+sheds+light,farm",Trimbles Darryl Matthews Sheds Light On The Future Of Canadian Agrifood Innovation — agriculture scene,"<!-- rewritten from https://ptxtrimble.com/en/blog/trimbles-darryl-matthews-sheds-light-on-the-future-of-canadian-agrifood-innovation -->
<section class=""intro"">
  <p class=""eyebrow"">Precision Ag Strategy</p>
  <h1>Trimbles Darryl Matthews Sheds Light On The Future Of Canadian Agrifood Innovation — Dealer Insights</h1>
  <p>Trimbles Darryl Matthews Sheds Light On The Future Of Canadian Agrifood Innovation: practical insights and step-by-step actions for growers, with a local dealer perspective.</p>
</section>

<section id=""key-points"">
  <h2>Key Takeaways</h2>
  <ul>
    <li>Why it matters: clear benefits to uptime, accuracy, and profitability.</li>
    <li>What to watch: common mistakes we fix during audits.</li>
    <li>How to implement: practical steps with measurable KPIs.</li>
  </ul>
</section>

<section id=""implementation"">
  <h2>Implementation Playbook</h2>
  <ol><li>On‑farm assessment of equipment, software, and data flows</li><li>Targeted upgrades or calibrations that move the KPI needle</li><li>Display and cloud setup with role‑based workflows</li><li>Field validation pass and tweaks under real conditions</li><li>Season review and continuous improvement plan</li></ol>
</section>

<section id=""local-perspective"">
  <h2>Local Perspective</h2>
  <p>Conditions vary by soil, residue, and weather. We tailor settings and workflows for your fields, your implements, and your team—so the tech does the work, not you.</p>
</section>

<section id=""links"">
  <h2>Helpful Links</h2>
  <h3>Internal</h3>
  <ul><li><a href='/contact'>/contact</a></li><li><a href='/services/precision-ag'>/services/precision-ag</a></li><li><a href='/resources/planter-maintenance-guide'>/resources/planter-maintenance-guide</a></li></ul>
  <h3>External (Precision Planting)</h3>
  <ul><li><a href='https://www.precisionplanting.com/resources' rel='noopener nofollow'>https://www.precisionplanting.com/resources</a></li><li><a href='https://www.precisionplanting.com/products' rel='noopener nofollow'>https://www.precisionplanting.com/products</a></li></ul>
</section>

<section id=""faq"">
  <h2>FAQ</h2>
  <div class='faq'><h3>Will this work on mixed equipment?</h3><p>Yes. We support multi-brand displays and ISOBUS so your existing fleet can be integrated.</p></div><div class='faq'><h3>How soon can I see ROI?</h3><p>Most farms see measurable gains within a season once guidance, application, and data workflows are aligned.</p></div><div class='faq'><h3>Do you offer in-field setup?</h3><p>Yes. We provide audit, install, calibration, and a follow‑up validation pass in season.</p></div>
</section>

<script type=""application/ld+json"">
{
  ""@context"": ""https://schema.org"",
  ""@type"": ""Article"",
  ""headline"": ""Trimbles Darryl Matthews Sheds Light On The Future Of Canadian Agrifood Innovation"",
  ""about"": [
    ""Precision Ag Strategy""
  ],
  ""isBasedOn"": ""https://ptxtrimble.com/en/blog/trimbles-darryl-matthews-sheds-light-on-the-future-of-canadian-agrifood-innovation"",
  ""datePublished"": ""2025-08-19"",
  ""author"": {
    ""@type"": ""Organization"",
    ""name"": ""[Dealer Name]""
  },
  ""publisher"": {
    ""@type"": ""Organization"",
    ""name"": ""[Dealer Name]""
  },
  ""mainEntityOfPage"": ""/resources/trimbles-darryl-matthews-sheds-light-on-the-future-of-canadian-agrifood-innovation.html"",
  ""keywords"": ""Precision Ag Strategy""
}
</script>
",/contact;/services/precision-ag;/resources/planter-maintenance-guide,https://www.precisionplanting.com/resources;https://www.precisionplanting.com/products
Article (Rewritten),https://ptxtrimble.com/en/blog/how-to-make-the-most-of-your-farm-data,how-to-make-the-most-of-your-farm-data,How To Make The Most Of Your Farm Data,How To Make The Most Of Your Farm Data | Local Insights & How-To | [Dealer Name],"Actionable, dealer-written take on how to make the most of your farm data—with steps, KPIs, and links to Precision Planting resources.","how, to, make, the, most, of, your, farm, data, precision agriculture, farm technology, ptx trimble",Data Management & Displays,"https://source.unsplash.com/1600x900/?how+make+the+most+your,farm",How To Make The Most Of Your Farm Data — agriculture scene,"<!-- rewritten from https://ptxtrimble.com/en/blog/how-to-make-the-most-of-your-farm-data -->
<section class=""intro"">
  <p class=""eyebrow"">Data Management & Displays</p>
  <h1>How To Make The Most Of Your Farm Data — Dealer Insights</h1>
  <p>How To Make The Most Of Your Farm Data: practical insights and step-by-step actions for growers, with a local dealer perspective.</p>
</section>

<section id=""key-points"">
  <h2>Key Takeaways</h2>
  <ul>
    <li>Why it matters: clear benefits to uptime, accuracy, and profitability.</li>
    <li>What to watch: common mistakes we fix during audits.</li>
    <li>How to implement: practical steps with measurable KPIs.</li>
  </ul>
</section>

<section id=""implementation"">
  <h2>Implementation Playbook</h2>
  <ol><li>On‑farm assessment of equipment, software, and data flows</li><li>Targeted upgrades or calibrations that move the KPI needle</li><li>Display and cloud setup with role‑based workflows</li><li>Field validation pass and tweaks under real conditions</li><li>Season review and continuous improvement plan</li></ol>
</section>

<section id=""local-perspective"">
  <h2>Local Perspective</h2>
  <p>Conditions vary by soil, residue, and weather. We tailor settings and workflows for your fields, your implements, and your team—so the tech does the work, not you.</p>
</section>

<section id=""links"">
  <h2>Helpful Links</h2>
  <h3>Internal</h3>
  <ul><li><a href='/contact'>/contact</a></li><li><a href='/services/precision-ag'>/services/precision-ag</a></li><li><a href='/resources/planter-maintenance-guide'>/resources/planter-maintenance-guide</a></li></ul>
  <h3>External (Precision Planting)</h3>
  <ul><li><a href='https://www.precisionplanting.com/resources' rel='noopener nofollow'>https://www.precisionplanting.com/resources</a></li><li><a href='https://www.precisionplanting.com/products' rel='noopener nofollow'>https://www.precisionplanting.com/products</a></li></ul>
</section>

<section id=""faq"">
  <h2>FAQ</h2>
  <div class='faq'><h3>Will this work on mixed equipment?</h3><p>Yes. We support multi-brand displays and ISOBUS so your existing fleet can be integrated.</p></div><div class='faq'><h3>How soon can I see ROI?</h3><p>Most farms see measurable gains within a season once guidance, application, and data workflows are aligned.</p></div><div class='faq'><h3>Do you offer in-field setup?</h3><p>Yes. We provide audit, install, calibration, and a follow‑up validation pass in season.</p></div>
</section>

<script type=""application/ld+json"">
{
  ""@context"": ""https://schema.org"",
  ""@type"": ""Article"",
  ""headline"": ""How To Make The Most Of Your Farm Data"",
  ""about"": [
    ""Data Management & Displays""
  ],
  ""isBasedOn"": ""https://ptxtrimble.com/en/blog/how-to-make-the-most-of-your-farm-data"",
  ""datePublished"": ""2025-08-19"",
  ""author"": {
    ""@type"": ""Organization"",
    ""name"": ""[Dealer Name]""
  },
  ""publisher"": {
    ""@type"": ""Organization"",
    ""name"": ""[Dealer Name]""
  },
  ""mainEntityOfPage"": ""/resources/how-to-make-the-most-of-your-farm-data.html"",
  ""keywords"": ""Data Management & Displays""
}
</script>
",/contact;/services/precision-ag;/resources/planter-maintenance-guide,https://www.precisionplanting.com/resources;https://www.precisionplanting.com/products
Article (Rewritten),https://ptxtrimble.com/en/blog/understanding-variable-rate-application-technology,understanding-variable-rate-application-technology,Understanding Variable Rate Application Technology,Understanding Variable Rate Application Technology | Local Insights & How-To | [Dealer Name],"Actionable, dealer-written take on understanding variable rate application technology—with steps, KPIs, and links to Precision Planting resources.","understanding, variable, rate, application, technology, precision agriculture, farm technology, ptx trimble",Precision Ag Strategy,"https://source.unsplash.com/1600x900/?understanding+variable+rate+application+technology,farm",Understanding Variable Rate Application Technology — agriculture scene,"<!-- rewritten from https://ptxtrimble.com/en/blog/understanding-variable-rate-application-technology -->
<section class=""intro"">
  <p class=""eyebrow"">Precision Ag Strategy</p>
  <h1>Understanding Variable Rate Application Technology — Dealer Insights</h1>
  <p>Understanding Variable Rate Application Technology: practical insights and step-by-step actions for growers, with a local dealer perspective.</p>
</section>

<section id=""key-points"">
  <h2>Key Takeaways</h2>
  <ul>
    <li>Why it matters: clear benefits to uptime, accuracy, and profitability.</li>
    <li>What to watch: common mistakes we fix during audits.</li>
    <li>How to implement: practical steps with measurable KPIs.</li>
  </ul>
</section>

<section id=""implementation"">
  <h2>Implementation Playbook</h2>
  <ol><li>On‑farm assessment of equipment, software, and data flows</li><li>Targeted upgrades or calibrations that move the KPI needle</li><li>Display and cloud setup with role‑based workflows</li><li>Field validation pass and tweaks under real conditions</li><li>Season review and continuous improvement plan</li></ol>
</section>

<section id=""local-perspective"">
  <h2>Local Perspective</h2>
  <p>Conditions vary by soil, residue, and weather. We tailor settings and workflows for your fields, your implements, and your team—so the tech does the work, not you.</p>
</section>

<section id=""links"">
  <h2>Helpful Links</h2>
  <h3>Internal</h3>
  <ul><li><a href='/contact'>/contact</a></li><li><a href='/services/precision-ag'>/services/precision-ag</a></li><li><a href='/resources/planter-maintenance-guide'>/resources/planter-maintenance-guide</a></li></ul>
  <h3>External (Precision Planting)</h3>
  <ul><li><a href='https://www.precisionplanting.com/resources' rel='noopener nofollow'>https://www.precisionplanting.com/resources</a></li><li><a href='https://www.precisionplanting.com/products' rel='noopener nofollow'>https://www.precisionplanting.com/products</a></li></ul>
</section>

<section id=""faq"">
  <h2>FAQ</h2>
  <div class='faq'><h3>Will this work on mixed equipment?</h3><p>Yes. We support multi-brand displays and ISOBUS so your existing fleet can be integrated.</p></div><div class='faq'><h3>How soon can I see ROI?</h3><p>Most farms see measurable gains within a season once guidance, application, and data workflows are aligned.</p></div><div class='faq'><h3>Do you offer in-field setup?</h3><p>Yes. We provide audit, install, calibration, and a follow‑up validation pass in season.</p></div>
</section>

<script type=""application/ld+json"">
{
  ""@context"": ""https://schema.org"",
  ""@type"": ""Article"",
  ""headline"": ""Understanding Variable Rate Application Technology"",
  ""about"": [
    ""Precision Ag Strategy""
  ],
  ""isBasedOn"": ""https://ptxtrimble.com/en/blog/understanding-variable-rate-application-technology"",
  ""datePublished"": ""2025-08-19"",
  ""author"": {
    ""@type"": ""Organization"",
    ""name"": ""[Dealer Name]""
  },
  ""publisher"": {
    ""@type"": ""Organization"",
    ""name"": ""[Dealer Name]""
  },
  ""mainEntityOfPage"": ""/resources/understanding-variable-rate-application-technology.html"",
  ""keywords"": ""Precision Ag Strategy""
}
</script>
",/contact;/services/precision-ag;/resources/planter-maintenance-guide,https://www.precisionplanting.com/resources;https://www.precisionplanting.com/products
Article (Rewritten),https://ptxtrimble.com/en/blog/save-more-with-weedseeker,save-more-with-weedseeker,Save More With Weedseeker,Save More With Weedseeker | Local Insights & How-To | [Dealer Name],"Actionable, dealer-written take on save more with weedseeker—with steps, KPIs, and links to Precision Planting resources.","save, more, with, weedseeker, precision agriculture, farm technology, ptx trimble",Spraying & Crop Protection,"https://source.unsplash.com/1600x900/?save+more+with+weedseeker,farm",Save More With Weedseeker — agriculture scene,"<!-- rewritten from https://ptxtrimble.com/en/blog/save-more-with-weedseeker -->
<section class=""intro"">
  <p class=""eyebrow"">Spraying & Crop Protection</p>
  <h1>Save More With Weedseeker — Dealer Insights</h1>
  <p>Save More With Weedseeker: practical insights and step-by-step actions for growers, with a local dealer perspective.</p>
</section>

<section id=""key-points"">
  <h2>Key Takeaways</h2>
  <ul>
    <li>Why it matters: clear benefits to uptime, accuracy, and profitability.</li>
    <li>What to watch: common mistakes we fix during audits.</li>
    <li>How to implement: practical steps with measurable KPIs.</li>
  </ul>
</section>

<section id=""implementation"">
  <h2>Implementation Playbook</h2>
  <ol><li>On‑farm assessment of equipment, software, and data flows</li><li>Targeted upgrades or calibrations that move the KPI needle</li><li>Display and cloud setup with role‑based workflows</li><li>Field validation pass and tweaks under real conditions</li><li>Season review and continuous improvement plan</li></ol>
</section>

<section id=""local-perspective"">
  <h2>Local Perspective</h2>
  <p>Conditions vary by soil, residue, and weather. We tailor settings and workflows for your fields, your implements, and your team—so the tech does the work, not you.</p>
</section>

<section id=""links"">
  <h2>Helpful Links</h2>
  <h3>Internal</h3>
  <ul><li><a href='/contact'>/contact</a></li><li><a href='/services/precision-ag'>/services/precision-ag</a></li><li><a href='/resources/planter-maintenance-guide'>/resources/planter-maintenance-guide</a></li></ul>
  <h3>External (Precision Planting)</h3>
  <ul><li><a href='https://www.precisionplanting.com/resources' rel='noopener nofollow'>https://www.precisionplanting.com/resources</a></li><li><a href='https://www.precisionplanting.com/products' rel='noopener nofollow'>https://www.precisionplanting.com/products</a></li></ul>
</section>

<section id=""faq"">
  <h2>FAQ</h2>
  <div class='faq'><h3>Will this work on mixed equipment?</h3><p>Yes. We support multi-brand displays and ISOBUS so your existing fleet can be integrated.</p></div><div class='faq'><h3>How soon can I see ROI?</h3><p>Most farms see measurable gains within a season once guidance, application, and data workflows are aligned.</p></div><div class='faq'><h3>Do you offer in-field setup?</h3><p>Yes. We provide audit, install, calibration, and a follow‑up validation pass in season.</p></div>
</section>

<script type=""application/ld+json"">
{
  ""@context"": ""https://schema.org"",
  ""@type"": ""Article"",
  ""headline"": ""Save More With Weedseeker"",
  ""about"": [
    ""Spraying & Crop Protection""
  ],
  ""isBasedOn"": ""https://ptxtrimble.com/en/blog/save-more-with-weedseeker"",
  ""datePublished"": ""2025-08-19"",
  ""author"": {
    ""@type"": ""Organization"",
    ""name"": ""[Dealer Name]""
  },
  ""publisher"": {
    ""@type"": ""Organization"",
    ""name"": ""[Dealer Name]""
  },
  ""mainEntityOfPage"": ""/resources/save-more-with-weedseeker.html"",
  ""keywords"": ""Spraying & Crop Protection""
}
</script>
",/contact;/services/precision-ag;/resources/planter-maintenance-guide,https://www.precisionplanting.com/resources;https://www.precisionplanting.com/products
Article (Rewritten),https://ptxtrimble.com/en/blog/top-five-myths-about-planting-season,top-five-myths-about-planting-season,Top Five Myths About Planting Season,Top Five Myths About Planting Season | Local Insights & How-To | [Dealer Name],"Actionable, dealer-written take on top five myths about planting season—with steps, KPIs, and links to Precision Planting resources.","top, five, myths, about, planting, season, precision agriculture, farm technology, ptx trimble",Planting Systems,"https://source.unsplash.com/1600x900/?top+five+myths+about+planting,farm",Top Five Myths About Planting Season — agriculture scene,"<!-- rewritten from https://ptxtrimble.com/en/blog/top-five-myths-about-planting-season -->
<section class=""intro"">
  <p class=""eyebrow"">Planting Systems</p>
  <h1>Top Five Myths About Planting Season — Dealer Insights</h1>
  <p>Top Five Myths About Planting Season: practical insights and step-by-step actions for growers, with a local dealer perspective.</p>
</section>

<section id=""key-points"">
  <h2>Key Takeaways</h2>
  <ul>
    <li>Why it matters: clear benefits to uptime, accuracy, and profitability.</li>
    <li>What to watch: common mistakes we fix during audits.</li>
    <li>How to implement: practical steps with measurable KPIs.</li>
  </ul>
</section>

<section id=""implementation"">
  <h2>Implementation Playbook</h2>
  <ol><li>On‑farm assessment of equipment, software, and data flows</li><li>Targeted upgrades or calibrations that move the KPI needle</li><li>Display and cloud setup with role‑based workflows</li><li>Field validation pass and tweaks under real conditions</li><li>Season review and continuous improvement plan</li></ol>
</section>

<section id=""local-perspective"">
  <h2>Local Perspective</h2>
  <p>Conditions vary by soil, residue, and weather. We tailor settings and workflows for your fields, your implements, and your team—so the tech does the work, not you.</p>
</section>

<section id=""links"">
  <h2>Helpful Links</h2>
  <h3>Internal</h3>
  <ul><li><a href='/contact'>/contact</a></li><li><a href='/services/precision-ag'>/services/precision-ag</a></li><li><a href='/resources/planter-maintenance-guide'>/resources/planter-maintenance-guide</a></li></ul>
  <h3>External (Precision Planting)</h3>
  <ul><li><a href='https://www.precisionplanting.com/resources' rel='noopener nofollow'>https://www.precisionplanting.com/resources</a></li><li><a href='https://www.precisionplanting.com/products' rel='noopener nofollow'>https://www.precisionplanting.com/products</a></li></ul>
</section>

<section id=""faq"">
  <h2>FAQ</h2>
  <div class='faq'><h3>Will this work on mixed equipment?</h3><p>Yes. We support multi-brand displays and ISOBUS so your existing fleet can be integrated.</p></div><div class='faq'><h3>How soon can I see ROI?</h3><p>Most farms see measurable gains within a season once guidance, application, and data workflows are aligned.</p></div><div class='faq'><h3>Do you offer in-field setup?</h3><p>Yes. We provide audit, install, calibration, and a follow‑up validation pass in season.</p></div>
</section>

<script type=""application/ld+json"">
{
  ""@context"": ""https://schema.org"",
  ""@type"": ""Article"",
  ""headline"": ""Top Five Myths About Planting Season"",
  ""about"": [
    ""Planting Systems""
  ],
  ""isBasedOn"": ""https://ptxtrimble.com/en/blog/top-five-myths-about-planting-season"",
  ""datePublished"": ""2025-08-19"",
  ""author"": {
    ""@type"": ""Organization"",
    ""name"": ""[Dealer Name]""
  },
  ""publisher"": {
    ""@type"": ""Organization"",
    ""name"": ""[Dealer Name]""
  },
  ""mainEntityOfPage"": ""/resources/top-five-myths-about-planting-season.html"",
  ""keywords"": ""Planting Systems""
}
</script>
",/contact;/services/precision-ag;/resources/planter-maintenance-guide,https://www.precisionplanting.com/resources;https://www.precisionplanting.com/products
Article (Rewritten),https://ptxtrimble.com/en/blog/best-tips-to-save-money-on-farm-inputs-in-2022,best-tips-to-save-money-on-farm-inputs-in-2022,Best Tips To Save Money On Farm Inputs In 2022,Best Tips To Save Money On Farm Inputs In 2022 | Local Insights & How-To | [Dealer Name],"Actionable, dealer-written take on best tips to save money on farm inputs in 2022—with steps, KPIs, and links to Precision Planting resources.","best, tips, to, save, money, on, farm, inputs, in, 2022, precision agriculture, farm technology",Precision Ag Strategy,"https://source.unsplash.com/1600x900/?best+tips+save+money+farm,farm",Best Tips To Save Money On Farm Inputs In 2022 — agriculture scene,"<!-- rewritten from https://ptxtrimble.com/en/blog/best-tips-to-save-money-on-farm-inputs-in-2022 -->
<section class=""intro"">
  <p class=""eyebrow"">Precision Ag Strategy</p>
  <h1>Best Tips To Save Money On Farm Inputs In 2022 — Dealer Insights</h1>
  <p>Best Tips To Save Money On Farm Inputs In 2022: practical insights and step-by-step actions for growers, with a local dealer perspective.</p>
</section>

<section id=""key-points"">
  <h2>Key Takeaways</h2>
  <ul>
    <li>Why it matters: clear benefits to uptime, accuracy, and profitability.</li>
    <li>What to watch: common mistakes we fix during audits.</li>
    <li>How to implement: practical steps with measurable KPIs.</li>
  </ul>
</section>

<section id=""implementation"">
  <h2>Implementation Playbook</h2>
  <ol><li>On‑farm assessment of equipment, software, and data flows</li><li>Targeted upgrades or calibrations that move the KPI needle</li><li>Display and cloud setup with role‑based workflows</li><li>Field validation pass and tweaks under real conditions</li><li>Season review and continuous improvement plan</li></ol>
</section>

<section id=""local-perspective"">
  <h2>Local Perspective</h2>
  <p>Conditions vary by soil, residue, and weather. We tailor settings and workflows for your fields, your implements, and your team—so the tech does the work, not you.</p>
</section>

<section id=""links"">
  <h2>Helpful Links</h2>
  <h3>Internal</h3>
  <ul><li><a href='/contact'>/contact</a></li><li><a href='/services/precision-ag'>/services/precision-ag</a></li><li><a href='/resources/planter-maintenance-guide'>/resources/planter-maintenance-guide</a></li></ul>
  <h3>External (Precision Planting)</h3>
  <ul><li><a href='https://www.precisionplanting.com/resources' rel='noopener nofollow'>https://www.precisionplanting.com/resources</a></li><li><a href='https://www.precisionplanting.com/products' rel='noopener nofollow'>https://www.precisionplanting.com/products</a></li></ul>
</section>

<section id=""faq"">
  <h2>FAQ</h2>
  <div class='faq'><h3>Will this work on mixed equipment?</h3><p>Yes. We support multi-brand displays and ISOBUS so your existing fleet can be integrated.</p></div><div class='faq'><h3>How soon can I see ROI?</h3><p>Most farms see measurable gains within a season once guidance, application, and data workflows are aligned.</p></div><div class='faq'><h3>Do you offer in-field setup?</h3><p>Yes. We provide audit, install, calibration, and a follow‑up validation pass in season.</p></div>
</section>

<script type=""application/ld+json"">
{
  ""@context"": ""https://schema.org"",
  ""@type"": ""Article"",
  ""headline"": ""Best Tips To Save Money On Farm Inputs In 2022"",
  ""about"": [
    ""Precision Ag Strategy""
  ],
  ""isBasedOn"": ""https://ptxtrimble.com/en/blog/best-tips-to-save-money-on-farm-inputs-in-2022"",
  ""datePublished"": ""2025-08-19"",
  ""author"": {
    ""@type"": ""Organization"",
    ""name"": ""[Dealer Name]""
  },
  ""publisher"": {
    ""@type"": ""Organization"",
    ""name"": ""[Dealer Name]""
  },
  ""mainEntityOfPage"": ""/resources/best-tips-to-save-money-on-farm-inputs-in-2022.html"",
  ""keywords"": ""Precision Ag Strategy""
}
</script>
",/contact;/services/precision-ag;/resources/planter-maintenance-guide,https://www.precisionplanting.com/resources;https://www.precisionplanting.com/products
Article (Rewritten),https://ptxtrimble.com/en/blog/everything-you-need-to-know-about-the-tmx-2050-display,everything-you-need-to-know-about-the-tmx-2050-display,Everything You Need To Know About The TMX 2050 Display,Everything You Need To Know About The TMX 2050 Display | Local Insights & How-To | [Dealer Name],"Actionable, dealer-written take on everything you need to know about the tmx 2050 display—with steps, KPIs, and links to Precision Planting resources.","everything, you, need, to, know, about, the, tmx, 2050, display, precision agriculture, farm technology",Data Management & Displays,"https://source.unsplash.com/1600x900/?everything+you+need+know+about,farm",Everything You Need To Know About The TMX 2050 Display — agriculture scene,"<!-- rewritten from https://ptxtrimble.com/en/blog/everything-you-need-to-know-about-the-tmx-2050-display -->
<section class=""intro"">
  <p class=""eyebrow"">Data Management & Displays</p>
  <h1>Everything You Need To Know About The TMX 2050 Display — Dealer Insights</h1>
  <p>Everything You Need To Know About The TMX 2050 Display: practical insights and step-by-step actions for growers, with a local dealer perspective.</p>
</section>

<section id=""key-points"">
  <h2>Key Takeaways</h2>
  <ul>
    <li>Why it matters: clear benefits to uptime, accuracy, and profitability.</li>
    <li>What to watch: common mistakes we fix during audits.</li>
    <li>How to implement: practical steps with measurable KPIs.</li>
  </ul>
</section>

<section id=""implementation"">
  <h2>Implementation Playbook</h2>
  <ol><li>On‑farm assessment of equipment, software, and data flows</li><li>Targeted upgrades or calibrations that move the KPI needle</li><li>Display and cloud setup with role‑based workflows</li><li>Field validation pass and tweaks under real conditions</li><li>Season review and continuous improvement plan</li></ol>
</section>

<section id=""local-perspective"">
  <h2>Local Perspective</h2>
  <p>Conditions vary by soil, residue, and weather. We tailor settings and workflows for your fields, your implements, and your team—so the tech does the work, not you.</p>
</section>

<section id=""links"">
  <h2>Helpful Links</h2>
  <h3>Internal</h3>
  <ul><li><a href='/contact'>/contact</a></li><li><a href='/services/precision-ag'>/services/precision-ag</a></li><li><a href='/resources/planter-maintenance-guide'>/resources/planter-maintenance-guide</a></li></ul>
  <h3>External (Precision Planting)</h3>
  <ul><li><a href='https://www.precisionplanting.com/resources' rel='noopener nofollow'>https://www.precisionplanting.com/resources</a></li><li><a href='https://www.precisionplanting.com/products' rel='noopener nofollow'>https://www.precisionplanting.com/products</a></li></ul>
</section>

<section id=""faq"">
  <h2>FAQ</h2>
  <div class='faq'><h3>Will this work on mixed equipment?</h3><p>Yes. We support multi-brand displays and ISOBUS so your existing fleet can be integrated.</p></div><div class='faq'><h3>How soon can I see ROI?</h3><p>Most farms see measurable gains within a season once guidance, application, and data workflows are aligned.</p></div><div class='faq'><h3>Do you offer in-field setup?</h3><p>Yes. We provide audit, install, calibration, and a follow‑up validation pass in season.</p></div>
</section>

<script type=""application/ld+json"">
{
  ""@context"": ""https://schema.org"",
  ""@type"": ""Article"",
  ""headline"": ""Everything You Need To Know About The TMX 2050 Display"",
  ""about"": [
    ""Data Management & Displays""
  ],
  ""isBasedOn"": ""https://ptxtrimble.com/en/blog/everything-you-need-to-know-about-the-tmx-2050-display"",
  ""datePublished"": ""2025-08-19"",
  ""author"": {
    ""@type"": ""Organization"",
    ""name"": ""[Dealer Name]""
  },
  ""publisher"": {
    ""@type"": ""Organization"",
    ""name"": ""[Dealer Name]""
  },
  ""mainEntityOfPage"": ""/resources/everything-you-need-to-know-about-the-tmx-2050-display.html"",
  ""keywords"": ""Data Management & Displays""
}
</script>
",/contact;/services/precision-ag;/resources/planter-maintenance-guide,https://www.precisionplanting.com/resources;https://www.precisionplanting.com/products
Article (Rewritten),https://ptxtrimble.com/en/blog/how-trimble-supports-farmers-autonomy-journey,how-trimble-supports-farmers-autonomy-journey,How Trimble Supports Farmers Autonomy Journey,How Trimble Supports Farmers Autonomy Journey | Local Insights & How-To | [Dealer Name],"Actionable, dealer-written take on how trimble supports farmers autonomy journey—with steps, KPIs, and links to Precision Planting resources.","how, trimble, supports, farmers, autonomy, journey, precision agriculture, farm technology, ptx trimble",Autonomy & AI,"https://source.unsplash.com/1600x900/?how+trimble+supports+farmers+autonomy,farm",How Trimble Supports Farmers Autonomy Journey — agriculture scene,"<!-- rewritten from https://ptxtrimble.com/en/blog/how-trimble-supports-farmers-autonomy-journey -->
<section class=""intro"">
  <p class=""eyebrow"">Autonomy & AI</p>
  <h1>How Trimble Supports Farmers Autonomy Journey — Dealer Insights</h1>
  <p>How Trimble Supports Farmers Autonomy Journey: practical insights and step-by-step actions for growers, with a local dealer perspective.</p>
</section>

<section id=""key-points"">
  <h2>Key Takeaways</h2>
  <ul>
    <li>Why it matters: clear benefits to uptime, accuracy, and profitability.</li>
    <li>What to watch: common mistakes we fix during audits.</li>
    <li>How to implement: practical steps with measurable KPIs.</li>
  </ul>
</section>

<section id=""implementation"">
  <h2>Implementation Playbook</h2>
  <ol><li>On‑farm assessment of equipment, software, and data flows</li><li>Targeted upgrades or calibrations that move the KPI needle</li><li>Display and cloud setup with role‑based workflows</li><li>Field validation pass and tweaks under real conditions</li><li>Season review and continuous improvement plan</li></ol>
</section>

<section id=""local-perspective"">
  <h2>Local Perspective</h2>
  <p>Conditions vary by soil, residue, and weather. We tailor settings and workflows for your fields, your implements, and your team—so the tech does the work, not you.</p>
</section>

<section id=""links"">
  <h2>Helpful Links</h2>
  <h3>Internal</h3>
  <ul><li><a href='/contact'>/contact</a></li><li><a href='/services/precision-ag'>/services/precision-ag</a></li><li><a href='/resources/planter-maintenance-guide'>/resources/planter-maintenance-guide</a></li></ul>
  <h3>External (Precision Planting)</h3>
  <ul><li><a href='https://www.precisionplanting.com/resources' rel='noopener nofollow'>https://www.precisionplanting.com/resources</a></li><li><a href='https://www.precisionplanting.com/products' rel='noopener nofollow'>https://www.precisionplanting.com/products</a></li></ul>
</section>

<section id=""faq"">
  <h2>FAQ</h2>
  <div class='faq'><h3>Will this work on mixed equipment?</h3><p>Yes. We support multi-brand displays and ISOBUS so your existing fleet can be integrated.</p></div><div class='faq'><h3>How soon can I see ROI?</h3><p>Most farms see measurable gains within a season once guidance, application, and data workflows are aligned.</p></div><div class='faq'><h3>Do you offer in-field setup?</h3><p>Yes. We provide audit, install, calibration, and a follow‑up validation pass in season.</p></div>
</section>

<script type=""application/ld+json"">
{
  ""@context"": ""https://schema.org"",
  ""@type"": ""Article"",
  ""headline"": ""How Trimble Supports Farmers Autonomy Journey"",
  ""about"": [
    ""Autonomy & AI""
  ],
  ""isBasedOn"": ""https://ptxtrimble.com/en/blog/how-trimble-supports-farmers-autonomy-journey"",
  ""datePublished"": ""2025-08-19"",
  ""author"": {
    ""@type"": ""Organization"",
    ""name"": ""[Dealer Name]""
  },
  ""publisher"": {
    ""@type"": ""Organization"",
    ""name"": ""[Dealer Name]""
  },
  ""mainEntityOfPage"": ""/resources/how-trimble-supports-farmers-autonomy-journey.html"",
  ""keywords"": ""Autonomy & AI""
}
</script>
",/contact;/services/precision-ag;/resources/planter-maintenance-guide,https://www.precisionplanting.com/resources;https://www.precisionplanting.com/products
Article (Rewritten),https://ptxtrimble.com/en/blog/student-spotlight-raegans-3-key-takeaways-from-the-women-in-agribusiness-summit,student-spotlight-raegans-3-key-takeaways-from-the-women-in-agribusiness-summit,Student Spotlight Raegans 3 Key Takeaways From The Women In Agribusiness Summit,Student Spotlight Raegans 3 Key Takeaways From The Women In Agribusiness Summit | Local Insights & How-To | [Dealer Name],"Actionable, dealer-written take on student spotlight raegans 3 key takeaways from the women in agribusiness summit—with steps, KPIs, and links to Precision Planting resources.","student, spotlight, raegans, 3, key, takeaways, from, the, women, in, agribusiness, summit",Precision Ag Strategy,"https://source.unsplash.com/1600x900/?student+spotlight+raegans+key+takeaways,farm",Student Spotlight Raegans 3 Key Takeaways From The Women In Agribusiness Summit — agriculture scene,"<!-- rewritten from https://ptxtrimble.com/en/blog/student-spotlight-raegans-3-key-takeaways-from-the-women-in-agribusiness-summit -->
<section class=""intro"">
  <p class=""eyebrow"">Precision Ag Strategy</p>
  <h1>Student Spotlight Raegans 3 Key Takeaways From The Women In Agribusiness Summit — Dealer Insights</h1>
  <p>Student Spotlight Raegans 3 Key Takeaways From The Women In Agribusiness Summit: practical insights and step-by-step actions for growers, with a local dealer perspective.</p>
</section>

<section id=""key-points"">
  <h2>Key Takeaways</h2>
  <ul>
    <li>Why it matters: clear benefits to uptime, accuracy, and profitability.</li>
    <li>What to watch: common mistakes we fix during audits.</li>
    <li>How to implement: practical steps with measurable KPIs.</li>
  </ul>
</section>

<section id=""implementation"">
  <h2>Implementation Playbook</h2>
  <ol><li>On‑farm assessment of equipment, software, and data flows</li><li>Targeted upgrades or calibrations that move the KPI needle</li><li>Display and cloud setup with role‑based workflows</li><li>Field validation pass and tweaks under real conditions</li><li>Season review and continuous improvement plan</li></ol>
</section>

<section id=""local-perspective"">
  <h2>Local Perspective</h2>
  <p>Conditions vary by soil, residue, and weather. We tailor settings and workflows for your fields, your implements, and your team—so the tech does the work, not you.</p>
</section>

<section id=""links"">
  <h2>Helpful Links</h2>
  <h3>Internal</h3>
  <ul><li><a href='/contact'>/contact</a></li><li><a href='/services/precision-ag'>/services/precision-ag</a></li><li><a href='/resources/planter-maintenance-guide'>/resources/planter-maintenance-guide</a></li></ul>
  <h3>External (Precision Planting)</h3>
  <ul><li><a href='https://www.precisionplanting.com/resources' rel='noopener nofollow'>https://www.precisionplanting.com/resources</a></li><li><a href='https://www.precisionplanting.com/products' rel='noopener nofollow'>https://www.precisionplanting.com/products</a></li></ul>
</section>

<section id=""faq"">
  <h2>FAQ</h2>
  <div class='faq'><h3>Will this work on mixed equipment?</h3><p>Yes. We support multi-brand displays and ISOBUS so your existing fleet can be integrated.</p></div><div class='faq'><h3>How soon can I see ROI?</h3><p>Most farms see measurable gains within a season once guidance, application, and data workflows are aligned.</p></div><div class='faq'><h3>Do you offer in-field setup?</h3><p>Yes. We provide audit, install, calibration, and a follow‑up validation pass in season.</p></div>
</section>

<script type=""application/ld+json"">
{
  ""@context"": ""https://schema.org"",
  ""@type"": ""Article"",
  ""headline"": ""Student Spotlight Raegans 3 Key Takeaways From The Women In Agribusiness Summit"",
  ""about"": [
    ""Precision Ag Strategy""
  ],
  ""isBasedOn"": ""https://ptxtrimble.com/en/blog/student-spotlight-raegans-3-key-takeaways-from-the-women-in-agribusiness-summit"",
  ""datePublished"": ""2025-08-19"",
  ""author"": {
    ""@type"": ""Organization"",
    ""name"": ""[Dealer Name]""
  },
  ""publisher"": {
    ""@type"": ""Organization"",
    ""name"": ""[Dealer Name]""
  },
  ""mainEntityOfPage"": ""/resources/student-spotlight-raegans-3-key-takeaways-from-the-women-in-agribusiness-summit.html"",
  ""keywords"": ""Precision Ag Strategy""
}
</script>
",/contact;/services/precision-ag;/resources/planter-maintenance-guide,https://www.precisionplanting.com/resources;https://www.precisionplanting.com/products
Article (Rewritten),https://ptxtrimble.com/en/blog/qa-with-trimble-ag-vp-jim-chambers,qa-with-trimble-ag-vp-jim-chambers,Qa With Trimble Ag Vp Jim Chambers,Qa With Trimble Ag Vp Jim Chambers | Local Insights & How-To | [Dealer Name],"Actionable, dealer-written take on qa with trimble ag vp jim chambers—with steps, KPIs, and links to Precision Planting resources.","qa, with, trimble, ag, vp, jim, chambers, precision agriculture, farm technology, ptx trimble",Precision Ag Strategy,"https://source.unsplash.com/1600x900/?with+trimble+jim+chambers,farm",Qa With Trimble Ag Vp Jim Chambers — agriculture scene,"<!-- rewritten from https://ptxtrimble.com/en/blog/qa-with-trimble-ag-vp-jim-chambers -->
<section class=""intro"">
  <p class=""eyebrow"">Precision Ag Strategy</p>
  <h1>Qa With Trimble Ag Vp Jim Chambers — Dealer Insights</h1>
  <p>Qa With Trimble Ag Vp Jim Chambers: practical insights and step-by-step actions for growers, with a local dealer perspective.</p>
</section>

<section id=""key-points"">
  <h2>Key Takeaways</h2>
  <ul>
    <li>Why it matters: clear benefits to uptime, accuracy, and profitability.</li>
    <li>What to watch: common mistakes we fix during audits.</li>
    <li>How to implement: practical steps with measurable KPIs.</li>
  </ul>
</section>

<section id=""implementation"">
  <h2>Implementation Playbook</h2>
  <ol><li>On‑farm assessment of equipment, software, and data flows</li><li>Targeted upgrades or calibrations that move the KPI needle</li><li>Display and cloud setup with role‑based workflows</li><li>Field validation pass and tweaks under real conditions</li><li>Season review and continuous improvement plan</li></ol>
</section>

<section id=""local-perspective"">
  <h2>Local Perspective</h2>
  <p>Conditions vary by soil, residue, and weather. We tailor settings and workflows for your fields, your implements, and your team—so the tech does the work, not you.</p>
</section>

<section id=""links"">
  <h2>Helpful Links</h2>
  <h3>Internal</h3>
  <ul><li><a href='/contact'>/contact</a></li><li><a href='/services/precision-ag'>/services/precision-ag</a></li><li><a href='/resources/planter-maintenance-guide'>/resources/planter-maintenance-guide</a></li></ul>
  <h3>External (Precision Planting)</h3>
  <ul><li><a href='https://www.precisionplanting.com/resources' rel='noopener nofollow'>https://www.precisionplanting.com/resources</a></li><li><a href='https://www.precisionplanting.com/products' rel='noopener nofollow'>https://www.precisionplanting.com/products</a></li></ul>
</section>

<section id=""faq"">
  <h2>FAQ</h2>
  <div class='faq'><h3>Will this work on mixed equipment?</h3><p>Yes. We support multi-brand displays and ISOBUS so your existing fleet can be integrated.</p></div><div class='faq'><h3>How soon can I see ROI?</h3><p>Most farms see measurable gains within a season once guidance, application, and data workflows are aligned.</p></div><div class='faq'><h3>Do you offer in-field setup?</h3><p>Yes. We provide audit, install, calibration, and a follow‑up validation pass in season.</p></div>
</section>

<script type=""application/ld+json"">
{
  ""@context"": ""https://schema.org"",
  ""@type"": ""Article"",
  ""headline"": ""Qa With Trimble Ag Vp Jim Chambers"",
  ""about"": [
    ""Precision Ag Strategy""
  ],
  ""isBasedOn"": ""https://ptxtrimble.com/en/blog/qa-with-trimble-ag-vp-jim-chambers"",
  ""datePublished"": ""2025-08-19"",
  ""author"": {
    ""@type"": ""Organization"",
    ""name"": ""[Dealer Name]""
  },
  ""publisher"": {
    ""@type"": ""Organization"",
    ""name"": ""[Dealer Name]""
  },
  ""mainEntityOfPage"": ""/resources/qa-with-trimble-ag-vp-jim-chambers.html"",
  ""keywords"": ""Precision Ag Strategy""
}
</script>
",/contact;/services/precision-ag;/resources/planter-maintenance-guide,https://www.precisionplanting.com/resources;https://www.precisionplanting.com/products
Article (Rewritten),https://ptxtrimble.com/en/blog/unlock-efficiency-on-your-farm-with-autonomy,unlock-efficiency-on-your-farm-with-autonomy,Unlock Efficiency On Your Farm With Autonomy,Unlock Efficiency On Your Farm With Autonomy | Local Insights & How-To | [Dealer Name],"Actionable, dealer-written take on unlock efficiency on your farm with autonomy—with steps, KPIs, and links to Precision Planting resources.","unlock, efficiency, on, your, farm, with, autonomy, precision agriculture, farm technology, ptx trimble",Autonomy & AI,"https://source.unsplash.com/1600x900/?unlock+efficiency+your+farm+with,farm",Unlock Efficiency On Your Farm With Autonomy — agriculture scene,"<!-- rewritten from https://ptxtrimble.com/en/blog/unlock-efficiency-on-your-farm-with-autonomy -->
<section class=""intro"">
  <p class=""eyebrow"">Autonomy & AI</p>
  <h1>Unlock Efficiency On Your Farm With Autonomy — Dealer Insights</h1>
  <p>Unlock Efficiency On Your Farm With Autonomy: practical insights and step-by-step actions for growers, with a local dealer perspective.</p>
</section>

<section id=""key-points"">
  <h2>Key Takeaways</h2>
  <ul>
    <li>Why it matters: clear benefits to uptime, accuracy, and profitability.</li>
    <li>What to watch: common mistakes we fix during audits.</li>
    <li>How to implement: practical steps with measurable KPIs.</li>
  </ul>
</section>

<section id=""implementation"">
  <h2>Implementation Playbook</h2>
  <ol><li>On‑farm assessment of equipment, software, and data flows</li><li>Targeted upgrades or calibrations that move the KPI needle</li><li>Display and cloud setup with role‑based workflows</li><li>Field validation pass and tweaks under real conditions</li><li>Season review and continuous improvement plan</li></ol>
</section>

<section id=""local-perspective"">
  <h2>Local Perspective</h2>
  <p>Conditions vary by soil, residue, and weather. We tailor settings and workflows for your fields, your implements, and your team—so the tech does the work, not you.</p>
</section>

<section id=""links"">
  <h2>Helpful Links</h2>
  <h3>Internal</h3>
  <ul><li><a href='/contact'>/contact</a></li><li><a href='/services/precision-ag'>/services/precision-ag</a></li><li><a href='/resources/planter-maintenance-guide'>/resources/planter-maintenance-guide</a></li></ul>
  <h3>External (Precision Planting)</h3>
  <ul><li><a href='https://www.precisionplanting.com/resources' rel='noopener nofollow'>https://www.precisionplanting.com/resources</a></li><li><a href='https://www.precisionplanting.com/products' rel='noopener nofollow'>https://www.precisionplanting.com/products</a></li></ul>
</section>

<section id=""faq"">
  <h2>FAQ</h2>
  <div class='faq'><h3>Will this work on mixed equipment?</h3><p>Yes. We support multi-brand displays and ISOBUS so your existing fleet can be integrated.</p></div><div class='faq'><h3>How soon can I see ROI?</h3><p>Most farms see measurable gains within a season once guidance, application, and data workflows are aligned.</p></div><div class='faq'><h3>Do you offer in-field setup?</h3><p>Yes. We provide audit, install, calibration, and a follow‑up validation pass in season.</p></div>
</section>

<script type=""application/ld+json"">
{
  ""@context"": ""https://schema.org"",
  ""@type"": ""Article"",
  ""headline"": ""Unlock Efficiency On Your Farm With Autonomy"",
  ""about"": [
    ""Autonomy & AI""
  ],
  ""isBasedOn"": ""https://ptxtrimble.com/en/blog/unlock-efficiency-on-your-farm-with-autonomy"",
  ""datePublished"": ""2025-08-19"",
  ""author"": {
    ""@type"": ""Organization"",
    ""name"": ""[Dealer Name]""
  },
  ""publisher"": {
    ""@type"": ""Organization"",
    ""name"": ""[Dealer Name]""
  },
  ""mainEntityOfPage"": ""/resources/unlock-efficiency-on-your-farm-with-autonomy.html"",
  ""keywords"": ""Autonomy & AI""
}
</script>
",/contact;/services/precision-ag;/resources/planter-maintenance-guide,https://www.precisionplanting.com/resources;https://www.precisionplanting.com/products
Article (Rewritten),https://ptxtrimble.com/en/blog/the-truth-about-roi-with-precision-farming-technology,the-truth-about-roi-with-precision-farming-technology,The Truth About ROI With Precision Farming Technology,The Truth About ROI With Precision Farming Technology | Local Insights & How-To | [Dealer Name],"Actionable, dealer-written take on the truth about roi with precision farming technology—with steps, KPIs, and links to Precision Planting resources.","the, truth, about, roi, with, precision, farming, technology, precision agriculture, farm technology, ptx trimble",Precision Ag Strategy,"https://source.unsplash.com/1600x900/?the+truth+about+roi+with,farm",The Truth About ROI With Precision Farming Technology — agriculture scene,"<!-- rewritten from https://ptxtrimble.com/en/blog/the-truth-about-roi-with-precision-farming-technology -->
<section class=""intro"">
  <p class=""eyebrow"">Precision Ag Strategy</p>
  <h1>The Truth About ROI With Precision Farming Technology — Dealer Insights</h1>
  <p>The Truth About ROI With Precision Farming Technology: practical insights and step-by-step actions for growers, with a local dealer perspective.</p>
</section>

<section id=""key-points"">
  <h2>Key Takeaways</h2>
  <ul>
    <li>Why it matters: clear benefits to uptime, accuracy, and profitability.</li>
    <li>What to watch: common mistakes we fix during audits.</li>
    <li>How to implement: practical steps with measurable KPIs.</li>
  </ul>
</section>

<section id=""implementation"">
  <h2>Implementation Playbook</h2>
  <ol><li>On‑farm assessment of equipment, software, and data flows</li><li>Targeted upgrades or calibrations that move the KPI needle</li><li>Display and cloud setup with role‑based workflows</li><li>Field validation pass and tweaks under real conditions</li><li>Season review and continuous improvement plan</li></ol>
</section>

<section id=""local-perspective"">
  <h2>Local Perspective</h2>
  <p>Conditions vary by soil, residue, and weather. We tailor settings and workflows for your fields, your implements, and your team—so the tech does the work, not you.</p>
</section>

<section id=""links"">
  <h2>Helpful Links</h2>
  <h3>Internal</h3>
  <ul><li><a href='/contact'>/contact</a></li><li><a href='/services/precision-ag'>/services/precision-ag</a></li><li><a href='/resources/planter-maintenance-guide'>/resources/planter-maintenance-guide</a></li></ul>
  <h3>External (Precision Planting)</h3>
  <ul><li><a href='https://www.precisionplanting.com/resources' rel='noopener nofollow'>https://www.precisionplanting.com/resources</a></li><li><a href='https://www.precisionplanting.com/products' rel='noopener nofollow'>https://www.precisionplanting.com/products</a></li></ul>
</section>

<section id=""faq"">
  <h2>FAQ</h2>
  <div class='faq'><h3>Will this work on mixed equipment?</h3><p>Yes. We support multi-brand displays and ISOBUS so your existing fleet can be integrated.</p></div><div class='faq'><h3>How soon can I see ROI?</h3><p>Most farms see measurable gains within a season once guidance, application, and data workflows are aligned.</p></div><div class='faq'><h3>Do you offer in-field setup?</h3><p>Yes. We provide audit, install, calibration, and a follow‑up validation pass in season.</p></div>
</section>

<script type=""application/ld+json"">
{
  ""@context"": ""https://schema.org"",
  ""@type"": ""Article"",
  ""headline"": ""The Truth About ROI With Precision Farming Technology"",
  ""about"": [
    ""Precision Ag Strategy""
  ],
  ""isBasedOn"": ""https://ptxtrimble.com/en/blog/the-truth-about-roi-with-precision-farming-technology"",
  ""datePublished"": ""2025-08-19"",
  ""author"": {
    ""@type"": ""Organization"",
    ""name"": ""[Dealer Name]""
  },
  ""publisher"": {
    ""@type"": ""Organization"",
    ""name"": ""[Dealer Name]""
  },
  ""mainEntityOfPage"": ""/resources/the-truth-about-roi-with-precision-farming-technology.html"",
  ""keywords"": ""Precision Ag Strategy""
}
</script>
",/contact;/services/precision-ag;/resources/planter-maintenance-guide,https://www.precisionplanting.com/resources;https://www.precisionplanting.com/products
Article (Rewritten),https://ptxtrimble.com/en/blog/top-five-ways-invest-in-your-farms-future,top-five-ways-invest-in-your-farms-future,Top Five Ways Invest In Your Farms Future,Top Five Ways Invest In Your Farms Future | Local Insights & How-To | [Dealer Name],"Actionable, dealer-written take on top five ways invest in your farms future—with steps, KPIs, and links to Precision Planting resources.","top, five, ways, invest, in, your, farms, future, precision agriculture, farm technology, ptx trimble",Precision Ag Strategy,"https://source.unsplash.com/1600x900/?top+five+ways+invest+your,farm",Top Five Ways Invest In Your Farms Future — agriculture scene,"<!-- rewritten from https://ptxtrimble.com/en/blog/top-five-ways-invest-in-your-farms-future -->
<section class=""intro"">
  <p class=""eyebrow"">Precision Ag Strategy</p>
  <h1>Top Five Ways Invest In Your Farms Future — Dealer Insights</h1>
  <p>Top Five Ways Invest In Your Farms Future: practical insights and step-by-step actions for growers, with a local dealer perspective.</p>
</section>

<section id=""key-points"">
  <h2>Key Takeaways</h2>
  <ul>
    <li>Why it matters: clear benefits to uptime, accuracy, and profitability.</li>
    <li>What to watch: common mistakes we fix during audits.</li>
    <li>How to implement: practical steps with measurable KPIs.</li>
  </ul>
</section>

<section id=""implementation"">
  <h2>Implementation Playbook</h2>
  <ol><li>On‑farm assessment of equipment, software, and data flows</li><li>Targeted upgrades or calibrations that move the KPI needle</li><li>Display and cloud setup with role‑based workflows</li><li>Field validation pass and tweaks under real conditions</li><li>Season review and continuous improvement plan</li></ol>
</section>

<section id=""local-perspective"">
  <h2>Local Perspective</h2>
  <p>Conditions vary by soil, residue, and weather. We tailor settings and workflows for your fields, your implements, and your team—so the tech does the work, not you.</p>
</section>

<section id=""links"">
  <h2>Helpful Links</h2>
  <h3>Internal</h3>
  <ul><li><a href='/contact'>/contact</a></li><li><a href='/services/precision-ag'>/services/precision-ag</a></li><li><a href='/resources/planter-maintenance-guide'>/resources/planter-maintenance-guide</a></li></ul>
  <h3>External (Precision Planting)</h3>
  <ul><li><a href='https://www.precisionplanting.com/resources' rel='noopener nofollow'>https://www.precisionplanting.com/resources</a></li><li><a href='https://www.precisionplanting.com/products' rel='noopener nofollow'>https://www.precisionplanting.com/products</a></li></ul>
</section>

<section id=""faq"">
  <h2>FAQ</h2>
  <div class='faq'><h3>Will this work on mixed equipment?</h3><p>Yes. We support multi-brand displays and ISOBUS so your existing fleet can be integrated.</p></div><div class='faq'><h3>How soon can I see ROI?</h3><p>Most farms see measurable gains within a season once guidance, application, and data workflows are aligned.</p></div><div class='faq'><h3>Do you offer in-field setup?</h3><p>Yes. We provide audit, install, calibration, and a follow‑up validation pass in season.</p></div>
</section>

<script type=""application/ld+json"">
{
  ""@context"": ""https://schema.org"",
  ""@type"": ""Article"",
  ""headline"": ""Top Five Ways Invest In Your Farms Future"",
  ""about"": [
    ""Precision Ag Strategy""
  ],
  ""isBasedOn"": ""https://ptxtrimble.com/en/blog/top-five-ways-invest-in-your-farms-future"",
  ""datePublished"": ""2025-08-19"",
  ""author"": {
    ""@type"": ""Organization"",
    ""name"": ""[Dealer Name]""
  },
  ""publisher"": {
    ""@type"": ""Organization"",
    ""name"": ""[Dealer Name]""
  },
  ""mainEntityOfPage"": ""/resources/top-five-ways-invest-in-your-farms-future.html"",
  ""keywords"": ""Precision Ag Strategy""
}
</script>
",/contact;/services/precision-ag;/resources/planter-maintenance-guide,https://www.precisionplanting.com/resources;https://www.precisionplanting.com/products
